timestamp,device_id,temperature,vibration,pressure,temp_rolling_avg,temp_rolling_std,is_anomaly
2026-10-07 19:31:50.254099,DEV_103,72.1940865117793,1.5265220658875542,27.297851267583958,72.1940865117793,0.0,False
2026-10-07 19:32:00.254099,DEV_101,68.67619953435585,1.9432590243165786,27.35508408651286,68.67619953435585,0.0,False
2026-10-07 19:32:10.254099,DEV_103,73.08182730311935,1.1574932657599484,30.963732123436984,72.63795690744934,0.6277275334924565,False
2026-10-07 19:32:20.254099,DEV_103,71.79904756220346,1.4419021622160846,31.094529594755933,72.35832045903403,0.6569707436402485,False
2026-10-07 19:32:30.254099,DEV_101,71.04420781253437,1.2849533038191585,31.097767670634727,69.86020367344511,1.674434711405908,False
2026-10-07 19:32:40.254099,DEV_101,68.36974535183361,0.9400390148780821,29.490088412892604,69.36338423290795,1.4636784041815611,False
2026-10-07 19:32:50.254099,DEV_103,69.69291467772666,1.4751957942471903,29.7490914799942,71.6919690137072,1.4366061975211515,False
2026-10-07 19:33:00.254099,DEV_102,75.02156490330303,1.4634757474850149,30.655759048318714,75.02156490330303,0.0,False
2026-10-07 19:33:10.254099,DEV_103,74.00366875049752,1.9540349229726393,30.17178601258666,72.15430896106525,1.6176121783921005,False
2026-10-07 19:33:20.254099,DEV_103,68.08977902080579,1.6892435053664332,25.56139925450493,71.33344746287057,2.429836929938008,False
2026-10-07 19:33:30.254099,DEV_103,68.08977902080579,1.1927439527012385,29.540400738849613,70.33503780640784,2.554254965250665,False
2026-10-07 19:33:40.254099,DEV_103,68.08977902080579,2.0562277699002562,28.297187131479372,69.59318409812832,2.5613961786908646,False
2026-10-07 19:33:50.254099,DEV_101,68.08977902080579,1.866310108657606,30.350422837817025,69.04498292988241,1.3541616864263655,False
2026-10-07 19:34:00.254099,DEV_103,74.17344076951974,1.6746293110405848,35.97051800520682,70.48928931648693,3.2862130071071065,False
2026-10-07 19:34:10.254099,DEV_102,69.3495049642166,1.4320547703450504,30.73496333094861,72.18553493375981,4.010752046224561,False
2026-10-07 19:34:20.254099,DEV_101,74.28239467437264,1.212168228982956,29.372940627655204,70.09246527878045,2.6194296633052905,False
2026-10-07 19:34:30.254099,DEV_102,68.94696337382993,1.3883379671786842,31.843603003954506,71.10601108044985,3.3969370376477097,False
2026-10-07 19:34:40.254099,DEV_102,64.78047159734193,1.8266245859112558,30.965375774418426,69.52462620967287,4.2066494897861215,False
2026-10-07 19:34:50.254099,DEV_102,65.48983024846734,2.065375891780383,30.840188980903683,68.71766701743176,4.065444703491916,False
2026-10-07 19:35:00.254099,DEV_102,72.19233978664553,1.9629730584816567,31.213701186431344,68.15182199410026,3.0349910170410825,False
2026-10-07 19:35:10.254099,DEV_101,73.03889000688592,1.3533451734641178,34.113087129659085,70.96500337328646,2.752936769694981,False
2026-10-07 19:35:20.254099,DEV_101,68.38273349958237,1.1641147700132968,27.738223129348167,70.43270851069607,2.9816018633235157,False
2026-10-07 19:35:30.254099,DEV_102,74.5543698351095,1.5422658740733612,30.94726415362291,69.19279496827885,4.2126218851427515,False
2026-10-07 19:35:40.254099,DEV_102,65.35391975092416,0.9694681903311445,28.147237740036925,68.47418624369769,4.557391519693707,False
2026-10-07 19:35:50.254099,DEV_101,71.73568080541074,1.5969503142554344,31.111025292684495,71.10589560141149,2.77199450738714,False
2026-10-07 19:36:00.254099,DEV_101,67.15593520095017,1.4557192241103993,28.162626977027813,70.91912683744036,3.0441184798463943,False
2026-10-07 19:36:10.254099,DEV_101,69.39265556879137,1.3601890494395272,29.16526637278983,69.94117901632413,2.413672697586955,False
2026-10-07 19:36:20.254099,DEV_103,72.18959468526566,1.0215890798199614,29.40982017152419,70.12647450344056,2.875708013272186,False
2026-10-07 19:36:30.254099,DEV_103,68.55834653886419,1.654080031970915,31.951633438689417,70.22018800705223,2.7993647507469066,False
2026-10-07 19:36:40.254099,DEV_103,70.4617778230807,1.3401897481014267,31.836908887884828,70.69458776750722,2.5367409977088493,False
2026-10-07 19:36:50.254099,DEV_102,76.02517123685776,1.1490249492869136,27.50856524710723,70.72312617160085,5.029027300004067,False
2026-10-07 19:37:00.254099,DEV_103,69.6924325219074,0.6383213360155052,30.109868221999697,71.01511846772755,2.2048699756618237,False
2026-10-07 19:37:10.254099,DEV_102,75.34276844826057,1.4917455284848091,28.580840290501655,72.6937138115595,4.350347476011891,False
2026-10-07 19:37:20.254099,DEV_102,67.48117258136952,2.0316754790009233,27.48299017864933,71.75148037050431,4.9543486838466055,False
2026-10-07 19:37:30.254099,DEV_103,74.11921671166112,1.998377764364361,29.56596589915126,71.00427365615582,2.185500202162155,False
2026-10-07 19:37:40.254099,DEV_102,77.7662744826316,1.3628711230241184,29.38303442308836,72.39386130000872,5.577646817701486,False
2026-10-07 19:37:50.254099,DEV_103,62.11342199949084,1.3193363818914658,34.853432972691046,68.98903911900085,4.371557233259819,False
2026-10-07 19:38:00.254099,DEV_103,68.81241897811809,1.6406322768225072,30.86591965072139,69.03985360685162,4.366773367984877,False
2026-10-07 19:38:10.254099,DEV_101,74.30828850872216,1.2004843682435125,27.244764998491526,70.19505871669136,2.848544408577811,False
2026-10-07 19:38:20.254099,DEV_103,71.18781845582802,1.5905375699458397,28.870451991658115,69.18506173340111,4.437378057621061,False
2026-10-07 19:38:30.254099,DEV_101,73.48458349348523,1.729824083515407,32.0427665908588,71.21542871547193,2.9490463239441502,False
2026-10-07 19:38:40.254099,DEV_103,69.58405925313672,1.8680799671652923,34.17688554573985,69.16338707964695,4.43454397474183,False
2026-10-07 19:38:50.254099,DEV_103,72.3463591498916,1.4699537770560143,26.828033375524083,68.80881556729305,3.9875800972274975,False
2026-10-07 19:39:00.254099,DEV_101,71.37729105843168,1.4388978749469103,26.24015122972191,71.14375076607612,2.9375732085306745,False
2026-10-07 19:39:10.254099,DEV_101,76.67112824663923,1.2366052239730316,33.741930350743566,73.04678937521393,2.7865208824687877,False
2026-10-07 19:39:20.254099,DEV_103,73.01768337320485,1.251935893788042,30.779228354741807,70.98966784203586,1.7824751110351194,False
2026-10-07 19:39:30.254099,DEV_102,73.35041064830081,1.432056332429542,28.263414536247268,73.99315947948405,3.9688163348436682,False
2026-10-07 19:39:40.254099,DEV_101,70.35249213551013,1.6102096520448534,31.069258172244872,73.23875668855769,2.4890299821120943,False
2026-10-07 19:39:50.254099,DEV_102,70.04957510371003,1.7740753878699749,24.728504521966244,72.7980402528545,4.101440250580689,False
2026-10-07 19:40:00.254099,DEV_102,70.26976724872152,1.2590463147958966,30.00675101319432,71.7834400129467,3.9388038500654448,False
2026-10-07 19:40:10.254099,DEV_102,73.57780856951318,1.9478065706878565,30.65564234568617,73.00276721057543,3.1358078092718302,False
2026-10-07 19:40:20.254099,DEV_101,70.31606207671895,1.4186629196872294,31.84854027907566,72.44031140215705,2.692199477669764,False
2026-10-07 19:40:30.254099,DEV_102,73.15909942758566,1.4935898116954691,27.972208095414924,72.08133219956623,1.7621994992293308,False
2026-10-07 19:40:40.254099,DEV_101,80.30160319458176,1.275836496255653,30.171374322806717,73.80371534237635,4.483492083023879,False
2026-10-07 19:40:50.254099,DEV_102,75.48449881372677,0.7727279219181176,28.149150747880824,72.50814983265143,2.3174072114902793,False
2026-10-07 19:41:00.254099,DEV_103,70.69590587132863,1.765213618908315,30.510767511348636,71.36636522067796,1.355105991284633,False
2026-10-07 19:41:10.254099,DEV_103,76.80485568865578,1.72105316912773,28.209307355273953,72.48977266724351,2.7649741028857093,False
2026-10-07 19:41:20.254099,DEV_101,70.3676985079138,1.415601732864536,29.183798321679557,73.60179683227277,4.640086919755183,False
2026-10-07 19:41:30.254099,DEV_103,63.847501859288585,1.5200972151674617,28.00836921041954,71.34246118847389,4.749852189411834,False
2026-10-07 19:41:40.254099,DEV_103,67.96765475633039,1.6547817653112298,31.302272483647315,70.46672030976166,4.919127976310986,False
2026-10-07 19:41:50.254099,DEV_102,64.51683231589658,1.0312362429340372,31.71690223331333,71.40160127508875,4.277143384902232,False
2026-10-07 19:42:00.254099,DEV_101,70.59394606383476,1.3412841967961115,29.53075886008517,72.38636039571188,4.426103499380393,False
2026-10-07 19:42:10.254099,DEV_102,72.0736735167582,1.7382794038865481,30.076475989920056,71.76238252869607,4.233663880436758,False
2026-10-07 19:42:20.254099,DEV_102,78.70574924910113,1.1237131730492251,27.102817170732912,72.78797066461367,5.276150443072502,False
2026-10-07 19:42:30.254099,DEV_102,73.30770949505666,1.588067379649989,29.400646703986425,72.81769267810787,5.279181491824064,False
2026-10-07 19:42:40.254099,DEV_102,71.12359788476455,1.0930254586129786,29.89959076591651,71.94551249231543,5.085116510855092,False
2026-10-07 19:42:50.254099,DEV_102,75.31762232473396,1.639928994730058,35.24158618205995,74.10567049408289,3.0119786815007568,False
2026-10-07 19:43:00.254099,DEV_102,63.15545876396846,1.4893075553107549,27.776065948451674,72.32202754352495,5.834365360824679,False
2026-10-07 19:43:10.254099,DEV_102,72.94245823243426,1.015460455228347,32.928354477504875,71.1693693401916,4.720942792793106,False
2026-10-07 19:43:20.254099,DEV_101,75.08346077554786,1.8494218063371515,31.993717546931617,73.33255412371943,4.388134177909812,False
2026-10-07 19:43:30.254099,DEV_103,66.08565501688064,1.2796225269605852,30.561272808980274,69.08031463849682,4.996673826460966,False
2026-10-07 19:43:40.254099,DEV_102,76.57501617282772,1.2569242688956856,33.51724096839027,71.82283067574579,5.283527796067228,False
2026-10-07 19:43:50.254099,DEV_102,73.35398562997766,1.5601707591692828,30.744210945213727,72.2689082247884,5.303848767318555,False
2026-10-07 19:44:00.254099,DEV_102,70.3388483443968,1.8445912048286146,30.77831839133586,71.27315342872097,5.049655493090098,False
2026-10-07 19:44:10.254099,DEV_102,74.53112746442514,1.195253454306481,29.89375869396491,73.54828716881232,2.282123072176514,False
2026-10-07 19:44:20.254099,DEV_102,81.08277143121758,1.5185039549543915,32.44713776483726,75.17634980856897,3.9994008136114685,False
2026-10-07 19:44:30.254099,DEV_102,72.72746502023398,1.6286449500991718,32.192938467621765,74.40683957805022,4.033015825822186,False
2026-10-07 19:44:40.254099,DEV_103,72.99288234520134,1.7079316821789432,28.748645425007574,69.53970993327134,5.279910703690912,False
2026-10-07 19:44:50.254099,DEV_103,70.16255640183903,1.5529324665831676,27.361505610802464,68.211250075908,3.545821310680259,False
2026-10-07 19:45:00.254099,DEV_102,68.60062252214084,1.3898916482750032,29.594038725208687,73.45616695648286,4.825599172711637,False
2026-10-07 19:45:10.254099,DEV_103,75.32134326617698,1.2517229338053841,28.39992287120471,70.50601835728567,3.7240003497338745,False
2026-10-07 19:45:20.254099,DEV_101,68.57566469636453,1.5258431649139124,29.87295085076929,72.98447464764855,4.741989624606837,False
2026-10-07 19:45:30.254099,DEV_102,72.28626494887757,1.178358296404318,32.47487626936828,73.84565027737902,4.583615892353989,False
2026-10-07 19:45:40.254099,DEV_101,70.08937021293953,0.6235948549516178,29.08539668982642,70.9420280513201,2.4458731273705427,False
2026-10-07 19:45:50.254099,DEV_101,73.91591930298557,1.6309679412473004,29.91435323737685,71.65167221033445,2.7352048374372675,False
2026-10-07 19:46:00.254099,DEV_102,73.33464842114779,1.7711804523258585,30.11604546961679,73.60635446872355,4.570094914153067,False
2026-10-07 19:46:10.254099,DEV_103,76.1501597770316,0.7911202693374485,31.69686176441057,72.14251936142591,4.107769447399312,False
2026-10-07 19:46:20.254099,DEV_101,69.959934404581,1.1970807885870187,25.50622133203079,71.52486987848371,2.8101681469519457,False
2026-10-07 19:46:30.254099,DEV_102,70.92050025882652,1.6857462783015593,28.786599410469407,71.57390023424533,1.884523896172566,False
2026-10-07 19:46:40.254099,DEV_101,68.08494513687077,2.11724864091351,30.422567384558945,70.12516675074828,2.2892055872564163,False
2026-10-07 19:46:50.254099,DEV_101,70.22282695969555,1.5062381123026223,32.40015791285372,70.45459920341447,2.122957905754841,False
2026-10-07 19:47:00.254099,DEV_101,73.50920197217941,1.2815991176312598,29.016195104987588,71.13856555526246,2.494291336511738,False
2026-10-07 19:47:10.254099,DEV_101,75.0279544665814,1.445131067668548,26.246894587916252,71.36097258798164,2.8307368699719606,False
2026-10-07 19:47:20.254099,DEV_103,68.3113387032895,1.9124629257444554,31.23942289193227,72.58765609870768,3.3352917902566785,False
2026-10-07 19:47:30.254099,DEV_101,75.47842368042264,1.3062107462626393,28.72927522234874,72.46467044314996,3.199688876979156,False
2026-10-07 19:47:40.254099,DEV_101,77.4225514352198,1.260242398004924,27.620666681819277,74.33219170281976,2.688514809998698,False
2026-10-07 19:47:50.254099,DEV_101,73.65373961289481,1.3551769433453902,28.751309220573553,75.01837423345962,1.5915113771070288,False
2026-10-07 19:48:00.254099,DEV_103,79.50718325023226,1.2140014175223863,29.630949284688302,73.89051627971386,4.575071303766631,False
2026-10-07 19:48:10.254099,DEV_101,68.90484320358571,1.5368010947984387,28.790510670923574,74.09750247974088,3.201143180914912,False
2026-10-07 19:48:20.254099,DEV_101,67.02138118675433,1.9874035375408683,25.58886788580186,72.49618782377544,4.398124008457048,False
2026-10-07 19:48:30.254099,DEV_103,64.88511900438289,1.5969237819348088,31.794132393774266,72.83502880022266,6.028149298849436,False
2026-10-07 19:48:40.254099,DEV_103,77.98417724595673,1.4242939493621136,32.549750082557445,73.3675955961786,6.408357219457533,False
2026-10-07 19:48:50.254099,DEV_103,74.61746262541624,1.4124566193253367,31.30304398267901,73.06105616585553,6.2772972103284435,False
2026-10-07 19:49:00.254099,DEV_101,71.77766131635818,1.031042757391003,27.724628659150365,71.75603535096256,4.069932444070745,False
2026-10-07 19:49:10.254099,DEV_103,73.11987450527928,1.7649329331441477,29.597016932104964,74.02276332625348,5.710452726759796,False
2026-10-07 19:49:20.254099,DEV_103,67.4980438108065,1.4766488408961593,29.986957369541084,71.62093543836832,5.340559385865826,False
2026-10-07 19:49:30.254099,DEV_101,81.7830079184673,1.4458560259228124,31.19758877912382,72.62812664761206,5.720259141531238,False
2026-10-07 19:49:40.254099,DEV_103,72.51688472790092,2.4579322703534583,31.33668097743616,73.14728858307193,3.80358484528646,False
2026-10-07 19:49:50.254099,DEV_101,72.43757917841957,1.5896258725097059,28.531652402443008,72.38489456071702,5.691530456038816,False
2026-10-07 19:50:00.254099,DEV_102,74.90306649559477,1.2744626849714447,30.16399111282712,72.0090205293175,2.3985260674681887,False
2026-10-07 19:50:10.254099,DEV_103,73.92403692694685,1.372092721138337,30.914560809230483,72.33526051926997,2.8186844835725298,False
2026-10-07 19:50:20.254099,DEV_102,72.89553609711652,1.8445337127590264,32.91164464429353,72.86800324431263,1.4569819438328515,False
2026-10-07 19:50:30.254099,DEV_101,68.83810217821875,1.5339811231613294,31.409013079649448,72.37154635564363,5.701801548884626,False
2026-10-07 19:50:40.254099,DEV_103,73.88587342854399,1.06851660650479,31.578113374751037,72.18894267989552,2.686486472245991,False
2026-10-07 19:50:50.254099,DEV_101,79.52809798590013,1.775768680372561,30.16765325585872,74.87288971547278,5.507960931569361,False
2026-10-07 19:51:00.254099,DEV_102,77.38168018461991,1.2995567743383019,32.82091829040701,73.8870862914611,2.415232614613899,False
2026-10-07 19:51:10.254099,DEV_101,78.37274650655759,2.061989332865264,30.819525591918996,76.19190675351267,5.369358981223872,False
2026-10-07 19:51:20.254099,DEV_103,69.95513729427526,1.8240144197143946,28.27782417965286,71.5559952376947,2.783387251920474,False
2026-10-07 19:51:30.254099,DEV_103,68.04158071896568,1.3658034313023746,32.80673994025038,71.66470261932653,2.589113339010901,False
2026-10-07 19:51:40.254099,DEV_102,71.4968523196014,1.884304908520534,31.395806545078056,73.51952707115183,2.64886420321441,False
2026-10-07 19:51:50.254099,DEV_101,102.22289964915478,1.5203566531582209,29.113911957743035,80.27988509965016,13.020314969123906,False
2026-10-07 19:52:00.254099,DEV_103,106.3767660738838,1.7558321025366659,29.041014065201512,78.43667888852312,15.824955398856634,False
2026-10-07 19:52:10.254099,DEV_102,95.23014148114072,1.6454198451883424,30.593151090281523,78.38145531561466,9.6756140978853,False
2026-10-07 19:52:20.254099,DEV_103,108.11820127784246,1.246093003502738,30.92636959053517,85.27551175870224,20.177323362169997,False
2026-10-07 19:52:30.254099,DEV_103,101.36796840568404,1.3069350503047614,30.394584531262414,90.77193075413024,20.041754557816013,False
2026-10-07 19:52:40.254099,DEV_101,70.29247572021032,1.8089882452743484,30.622617346885768,79.8508644080083,13.373861612879786,False
2026-10-07 19:52:50.254099,DEV_103,67.95158249895933,1.3995674003680378,33.399914749152764,90.37121979506706,20.574949946454367,False
2026-10-07 19:53:00.254099,DEV_101,65.38057331253692,1.378905461027401,32.14308630446977,79.15935863487195,14.152368962900097,False
2026-10-07 19:53:10.254099,DEV_103,75.29268233584766,1.213463226195194,30.38127118253005,91.82144011844346,18.78528730752387,False
2026-10-07 19:53:20.254099,DEV_102,72.29327186875362,1.6270797196780382,31.882621161534967,77.85949639024643,9.975903668156116,False
2026-10-07 19:53:30.254099,DEV_103,66.84015640103578,2.1187574757729433,27.93495219294492,83.91411818387385,19.436604632244425,False
2026-10-07 19:53:40.254099,DEV_101,66.81968491174554,1.1797401257237181,30.795854099893617,76.61767602004105,15.173900416173334,False
2026-10-07 19:53:50.254099,DEV_101,70.6568612028395,1.5072658370018275,33.61861269946622,75.07449895929742,15.342205504979404,False
2026-10-07 19:54:00.254099,DEV_102,78.67608610115757,1.9236661666246286,29.563908209215253,79.01560639105465,9.584069872445557,False
2026-10-07 19:54:10.254099,DEV_103,70.96163459454559,1.4761075826262855,28.30473214276183,76.48280484721447,14.291024295819065,False
2026-10-07 19:54:20.254099,DEV_103,65.98742818752757,1.6357115388749202,28.695822222813877,69.40669680358319,3.790070657849383,False
2026-10-07 19:54:30.254099,DEV_102,71.01702774365623,1.1812819415559361,27.820733925315224,77.7426759028619,10.25455224121664,False
2026-10-07 19:54:40.254099,DEV_103,70.90910572100931,1.6284921291622947,28.43047618374459,69.99820144799318,3.736610381074376,False
2026-10-07 19:54:50.254099,DEV_103,61.212453428233715,1.4438567204986354,29.25898380281994,67.1821556664704,4.042162160790312,False
2026-10-07 19:55:00.254099,DEV_101,71.78282053392876,1.795718998703959,27.188865961642716,68.9864831362522,2.7392007300863517,False
2026-10-07 19:55:10.254099,DEV_103,71.07626187916529,1.8562158154694253,30.031236667899208,68.02937676209629,4.382193557749464,False
2026-10-07 19:55:20.254099,DEV_103,74.78482545925367,2.276869092605584,31.804554347573294,68.79401493503791,5.266143630226283,False
2026-10-07 19:55:30.254099,DEV_102,79.39582437978137,1.6738899519640726,28.18448763970616,79.32247031489791,9.641929298685408,False
2026-10-07 19:55:40.254099,DEV_102,76.50626011819102,1.59773889497465,33.03856784728354,75.57769404230797,3.7625620819911867,False
2026-10-07 19:55:50.254099,DEV_101,70.92444523778067,1.5583152904732007,31.02158417705519,69.11287703976629,2.8276795231338507,False
2026-10-07 19:56:00.254099,DEV_103,67.57389636503332,1.3940501121567934,32.061161171248116,69.11130857053907,5.099937716154317,False
2026-10-07 19:56:10.254099,DEV_103,82.29343921299944,1.6015451530385074,28.684330892295726,71.38817526893709,7.884372877786448,False
2026-10-07 19:56:20.254099,DEV_103,72.23687373605796,1.411379576958291,31.70905045413323,73.59305933050193,5.5118224796321,False
2026-10-07 19:56:30.254099,DEV_101,72.05571716765178,1.5505382928808842,27.816132199209374,70.44790581078925,2.1096085982303916,False
2026-10-07 19:56:40.254099,DEV_101,71.90349965155998,1.8952792606823878,31.780495001673017,71.46466875875214,0.6299852828027672,False
2026-10-07 19:56:50.254099,DEV_102,72.79233904307142,1.1980372304161078,30.34367867958706,75.67750747717152,3.658840442411082,False
2026-10-07 19:57:00.254099,DEV_101,71.42255835230424,1.8419635683387137,31.106502439969567,71.61780818864509,0.4526277831161044,False
2026-10-07 19:57:10.254099,DEV_103,69.70535197247905,1.8951345202019596,27.648810788750296,73.3188773491647,5.699229519944591,False
2026-10-07 19:57:20.254099,DEV_103,69.81256423503844,1.4645794419026763,28.20986031544679,72.32442510432165,5.812173000274606,False
2026-10-07 19:57:30.254099,DEV_101,71.868986919136,0.8634435302974216,31.19445643650677,71.63504146568653,0.4620239148468085,False
2026-10-07 19:57:40.254099,DEV_103,69.82630091546494,1.3176534038716703,28.1033039915516,72.77490601440796,5.4264135450790665,False
2026-10-07 19:57:50.254099,DEV_103,69.14861686929135,1.8890983639683327,30.926412584198246,70.14594154566635,1.2014661533562172,False
2026-10-07 19:58:00.254099,DEV_101,72.42572091076758,1.4931395813103354,27.26572438707951,71.93529660028392,0.36170625100378556,False
2026-10-07 19:58:10.254099,DEV_101,70.98009113031658,1.2002093303115267,31.696348425333337,71.72017139281687,0.5454007128782338,False
2026-10-07 19:58:20.254099,DEV_103,78.01597195433075,1.3485675236315349,27.534953370462983,71.3017611893209,3.763637523588069,False
2026-10-07 19:58:30.254099,DEV_103,61.396120766427956,1.7521860079513658,31.104599875359046,69.63991494811069,5.88269484991255,False
2026-10-07 19:58:40.254099,DEV_103,76.36602740768984,1.6640200704604138,31.251261867292,70.95060758264097,6.615239979024203,False
2026-10-07 19:58:50.254099,DEV_102,76.98434076999051,1.4283203702490916,28.60645636314085,75.33915841093811,3.3798074120421644,False
2026-10-07 19:59:00.254099,DEV_102,63.7064390703674,1.3899526764555938,31.164053134169453,73.87704067628036,6.157166494650881,False
2026-10-07 19:59:10.254099,DEV_102,70.6292496236786,1.3824725552868535,30.52088452666711,72.12372572505978,5.3935935037753096,False
2026-10-07 19:59:20.254099,DEV_101,70.51423653601684,1.2232769446504492,28.922316287614525,71.44231876970825,0.7457390592529619,False
2026-10-07 19:59:30.254099,DEV_102,66.36995322112871,1.9846127068408326,27.982890631847585,70.09646434564733,5.237216587883223,False
2026-10-07 19:59:40.254099,DEV_101,68.8887332496365,1.403303859236598,26.07474861665484,70.9355537491747,1.365728887995706,False
2026-10-07 19:59:50.254099,DEV_101,67.55769661813669,1.865147556247649,30.699300094599387,70.07329568897482,1.8895791915824578,False
2026-10-07 20:00:00.254099,DEV_102,79.00908177369449,1.9563948155767354,26.87039445727589,71.33981289177196,6.598317614217371,False
2026-10-07 20:00:10.254099,DEV_102,75.74271357258985,1.7994932694443881,30.190688398882617,71.09148745229182,6.351529208979125,False
2026-10-07 20:00:20.254099,DEV_102,77.08622037997664,1.3705139061845855,29.4731035678355,73.76744371421366,5.171118516877463,False
2026-10-07 20:00:30.254099,DEV_103,74.88668825617295,1.6211190271009828,31.358285550876392,71.96268505078257,6.785144830794267,False
2026-10-07 20:00:40.254099,DEV_102,67.48379291513109,1.4927413180827251,29.39590900102027,73.13835237250416,5.801273405387911,False
2026-10-07 20:00:50.254099,DEV_103,69.90191893488091,1.2288894417809615,29.34110442730582,72.11334546390047,6.715039946891222,False
2026-10-07 20:01:00.254099,DEV_101,73.95749824491168,1.597307784516481,31.463741408576592,70.37965115580366,2.416914085987851,False
2026-10-07 20:01:10.254099,DEV_103,67.11148876443222,1.1462880626520593,30.670116058168237,69.93244882592077,6.057290363316539,False
2026-10-07 20:01:20.254099,DEV_102,74.85199372068955,1.856303816538469,30.632311914365555,74.83476047241632,4.397596783667122,False
2026-10-07 20:01:30.254099,DEV_101,71.03869840736746,1.360614810810482,30.938535179617052,70.39137261121384,2.4206932349226964,False
2026-10-07 20:01:40.254099,DEV_101,70.50071676980161,1.5603478967618518,26.92885575358579,70.38866865797078,2.4205292290419465,False
2026-10-07 20:01:50.254099,DEV_101,74.84383987281396,1.5849863614638426,31.513577359973965,71.57968998260628,2.9129852531508,False
2026-10-07 20:02:00.254099,DEV_103,73.77705324594416,1.4223285078887768,31.224937588027206,72.40863532182401,3.8084660552780667,False
2026-10-07 20:02:10.254099,DEV_102,70.55613533672368,1.6760081404425824,27.966633742847005,73.14417118502217,3.998332274808262,False
2026-10-07 20:02:20.254099,DEV_101,76.63731921345699,1.3575289030132427,29.5118390526516,73.39561450167034,2.5911969173783844,False
2026-10-07 20:02:30.254099,DEV_101,67.67574668960042,1.7613891892371734,29.921385424744738,72.13926419060809,3.583514329001212,False
2026-10-07 20:02:40.254099,DEV_101,74.46374242777705,1.0962060959259754,29.731006431196533,72.82427299469,3.647330136829942,False
2026-10-07 20:02:50.254099,DEV_103,74.37240503187354,1.5379138738639235,30.667719933137068,72.00991084666074,3.369650875616955,False
2026-10-07 20:03:00.254099,DEV_103,70.76181424274404,2.0816786997174854,32.86273356366237,71.18493604397497,2.9705709820538204,False
2026-10-07 20:03:10.254099,DEV_102,73.30453208896847,1.1999006026183276,32.16353345534566,72.6565348882979,3.742692587202665,False
2026-10-07 20:03:20.254099,DEV_103,66.99554569445878,1.2966765088425445,27.375561613137187,70.60366139589055,3.5182604136683633,False
2026-10-07 20:03:30.254099,DEV_101,75.6961080768276,1.6541723548976746,31.244139980612097,73.86335125609521,3.5588682734215706,False
2026-10-07 20:03:40.254099,DEV_102,71.26039145422804,1.5538745345818794,32.65786663907082,71.49136910314817,2.8093610309150314,False
2026-10-07 20:03:50.254099,DEV_101,69.90910791792385,1.6051890297820677,30.773617041378404,72.87640486511718,3.8880117060941592,False
2026-10-07 20:04:00.254099,DEV_101,76.19603690334756,1.646756139044299,32.18196085037194,72.78814840309529,3.7849397031245777,False
2026-10-07 20:04:10.254099,DEV_103,69.18262523782896,1.690416440568531,34.02454089140153,71.01788869056989,3.1015632417326557,False
2026-10-07 20:04:20.254099,DEV_102,66.36615481454577,1.832909952586867,32.047419092213964,71.2678414830311,3.222086638525277,False
2026-10-07 20:04:30.254099,DEV_103,65.77348330590439,1.6229455970785538,30.498617191283458,69.41717470256194,3.3748389075599374,False
2026-10-07 20:04:40.254099,DEV_103,74.42403980538256,1.4276227036144373,32.09017694816951,69.42750165726375,3.393818200761044,False
2026-10-07 20:04:50.254099,DEV_102,66.87828259001486,1.7017721103608194,30.289775666193783,69.67309925689617,2.9678879442335955,False
2026-10-07 20:05:00.254099,DEV_101,79.01917672793746,2.0699645804685645,30.04780608656991,75.0568344107627,3.326313872857863,False
2026-10-07 20:05:10.254099,DEV_101,63.67228236846511,1.460209876085228,29.297171528572534,72.89854239890032,6.128266496004828,False
2026-10-07 20:05:20.254099,DEV_102,78.78582547316016,1.2076412085988075,33.126826717664215,71.31903728418345,5.097791233074999,False
2026-10-07 20:05:30.254099,DEV_101,72.84406986881048,1.8321242007860918,28.363142668115998,72.3281347572969,5.932376634419816,False
2026-10-07 20:05:40.254099,DEV_102,71.61314755251843,1.4638856508139206,33.064735449356235,70.98076037689346,4.988037107022873,False
2026-10-07 20:05:50.254099,DEV_102,69.8203236527642,0.8481991361957891,30.999728247480743,70.69274681660069,5.009384131829037,False
2026-10-07 20:06:00.254099,DEV_103,73.59654445740829,1.7542265031451265,27.201387650396118,69.9944477001966,3.8750934387104707,False
2026-10-07 20:06:10.254099,DEV_102,71.8494611903006,1.3394015442138232,30.735298585982843,71.78940809175165,4.386940207846538,False
2026-10-07 20:06:20.254099,DEV_103,76.41320752806608,1.4728400153087517,25.799946984696753,71.87798006691806,4.316653514018835,False
2026-10-07 20:06:30.254099,DEV_101,72.45691059464816,1.5995940991707043,31.251016033662072,72.83769529264175,5.780116841405859,False
2026-10-07 20:06:40.254099,DEV_101,72.60120704584752,1.55714990393372,31.77046296597798,72.11872932114174,5.4733881366346875,False
2026-10-07 20:06:50.254099,DEV_101,70.54555115114458,1.7128355451417119,28.815288088695894,70.42400420578318,3.8836245903305007,False
2026-10-07 20:07:00.254099,DEV_101,71.77221750511573,1.369354088829047,30.247095391911163,72.0439912331133,0.927402464261033,False
2026-10-07 20:07:10.254099,DEV_103,73.23120707556824,1.6539317394528248,33.90831486750057,72.6876964344659,4.056540180475133,False
2026-10-07 20:07:20.254099,DEV_101,65.1593264293735,1.4221359967248248,28.988506591476128,70.5070425452259,3.09789156578429,False
2026-10-07 20:07:30.254099,DEV_102,66.60725831157714,1.721643144266251,27.8821848258868,71.73520323606411,4.463793492292605,False
2026-10-07 20:07:40.254099,DEV_102,74.97305637609087,1.684610245203916,32.963326804925195,70.97264941665024,3.064587523467445,False
2026-10-07 20:07:50.254099,DEV_102,72.68346175251176,1.2193683893866214,33.92517438106159,71.18671225664892,3.156513632360601,False
2026-10-07 20:08:00.254099,DEV_103,71.26406665458929,1.8257946348525096,30.007391343695694,73.78581310420289,1.8717071355079307,False
2026-10-07 20:08:10.254099,DEV_101,72.07373573226157,1.3392109664657856,32.02292607081671,70.43040757274858,3.041829472149241,False
2026-10-07 20:08:20.254099,DEV_101,73.39032682144668,1.7424173394843434,32.682951831061764,70.58823152786842,3.1990278114179285,False
2026-10-07 20:08:30.254099,DEV_101,69.84096127876255,1.610186194020402,28.51503153492323,70.44731355339201,3.216846965037747,False
2026-10-07 20:08:40.254099,DEV_103,68.88678109839076,2.0514551030385366,29.029388329264265,72.67836136280452,2.8050884513098038,False
2026-10-07 20:08:50.254099,DEV_102,72.78338102039072,1.4329602052884445,32.46174902630947,71.77932373017423,3.113707788819753,False
2026-10-07 20:09:00.254099,DEV_102,68.08650888953987,1.3952049611645407,33.370028557417015,71.02673327002208,3.520678377705176,False
2026-10-07 20:09:10.254099,DEV_101,73.63301102285789,1.4941741182336803,31.12576172034871,70.81947225694043,3.503327167437562,False
2026-10-07 20:09:20.254099,DEV_102,65.18966558304864,1.4090460651497174,28.240371292995892,70.74321472431637,3.9911900293695317,False
2026-10-07 20:09:30.254099,DEV_102,76.11662254930258,1.739982570582615,33.97412222339888,70.97192795895872,4.313895975165284,False
2026-10-07 20:09:40.254099,DEV_103,73.89038992965217,1.0151068174690236,28.93805820437607,72.7371304572533,2.8320826655490445,False
2026-10-07 20:09:50.254099,DEV_103,73.02411893725551,1.1838952742560938,29.329724437657095,72.05931273909118,2.0220289537887033,False
2026-10-07 20:10:00.254099,DEV_103,75.93076393578205,1.1796591235262421,30.684675668979242,72.59922411113396,2.6698165172922543,False
2026-10-07 20:10:10.254099,DEV_103,78.6618977778503,1.7850922775920728,33.108320841429546,74.07879033578615,3.6242056520601085,False
2026-10-07 20:10:20.254099,DEV_101,76.05748026007252,2.0131840117745776,31.70795195310445,72.99910302308024,2.276989824113282,False
2026-10-07 20:10:30.254099,DEV_103,64.63650307467341,1.4686652344387585,30.82973100072382,73.22873473104269,5.270823526217025,False
2026-10-07 20:10:40.254099,DEV_102,66.8816921330572,1.4493534830429968,30.926577060236212,69.81157403506779,4.514071581725231,False
2026-10-07 20:10:50.254099,DEV_101,69.50072568921729,1.5210156489339544,30.087029337286932,72.48450101447138,2.7747519640189986,False
2026-10-07 20:11:00.254099,DEV_102,72.10436420084334,1.848563490782457,31.116279029037013,69.67577067115832,4.411360510029034,False
2026-10-07 20:11:10.254099,DEV_102,74.07063608187649,1.2217940597428278,24.940879844611395,70.87259610962565,4.676204110033489,False
2026-10-07 20:11:20.254099,DEV_102,69.09702474738614,1.5715106948204356,29.406785081860402,71.65406794249314,3.717223516263666,False
2026-10-07 20:11:30.254099,DEV_103,72.74706705790831,1.7925592889347288,30.482643869833563,73.00007015669391,5.259731487580345,False
2026-10-07 20:11:40.254099,DEV_103,68.97846827058672,1.6503282509819535,27.697971832760985,72.19094002336017,5.557840111251115,False
2026-10-07 20:11:50.254099,DEV_101,69.55392878803221,1.556874484979623,30.77264663562312,71.7172214077885,2.984172291228585,False
2026-10-07 20:12:00.254099,DEV_101,66.37335561260711,1.8003138277701423,29.591057558027757,71.0237002745574,3.816177040209613,False
2026-10-07 20:12:10.254099,DEV_103,68.30706701555638,0.6890303121002289,33.51095139663098,70.66620063931502,5.3158344243274485,False
2026-10-07 20:12:20.254099,DEV_102,66.59326157753466,1.7033625958592722,33.14603945042971,69.74939574813956,3.2722121448869785,False
2026-10-07 20:12:30.254099,DEV_101,68.09650698809067,1.303777295061773,29.068388861763673,69.91639946760395,3.670225176287976,False
2026-10-07 20:12:40.254099,DEV_103,76.21456718643135,0.950810130943063,29.69832457686661,70.17673452103124,4.435304265568995,False
2026-10-07 20:12:50.254099,DEV_103,68.20240444467223,1.6533607798574943,29.852104868783215,70.889914795031,3.512420104706661,False
2026-10-07 20:13:00.254099,DEV_103,82.52952825934956,1.9120975635488873,29.096681047680754,72.84640703531925,6.3686862382968314,False
2026-10-07 20:13:10.254099,DEV_102,73.97327160352356,1.4587654456116925,30.390049968056253,71.16771164223283,3.2553338010538693,False
2026-10-07 20:13:20.254099,DEV_103,72.7393444947795,1.7858623641608817,28.48343586222482,73.5985822801578,6.009624191923579,False
2026-10-07 20:13:30.254099,DEV_103,68.56656887927515,1.9836834773965937,27.738769330124946,73.65048265290156,5.953358055339662,False
2026-10-07 20:13:40.254099,DEV_103,74.80123951763596,1.894474336075214,31.245422447800536,73.36781711914247,5.833525978923054,False
2026-10-07 20:13:50.254099,DEV_103,69.6974486950489,1.991989358811418,31.25905916844362,73.66682596921781,5.533154303739619,False
2026-10-07 20:14:00.254099,DEV_101,72.48803925858145,1.7226382473215676,28.391368480680015,69.20251126730575,2.249138028274359,False
2026-10-07 20:14:10.254099,DEV_101,82.24033815307519,1.5226300916704778,31.7907108615252,71.75043376007733,6.278354489771184,False
2026-10-07 20:14:20.254099,DEV_103,71.6157604011014,1.0194102564308496,28.73684454166934,71.48407239756818,2.464776790321424,False
2026-10-07 20:14:30.254099,DEV_102,76.5970933051427,1.4261812535610154,30.506330476075963,72.06625746309271,4.091232604307726,False
2026-10-07 20:14:40.254099,DEV_101,69.18729429949644,1.2470260214051425,31.64068802522491,71.67710686237017,6.312469921303608,False
2026-10-07 20:14:50.254099,DEV_103,71.86004603801216,2.151282815249344,29.932774870592574,71.30821270621472,2.3828299084012157,False
2026-10-07 20:15:00.254099,DEV_101,79.08320254254204,1.4472342562702991,30.90948182428227,74.21907624835715,6.200837446213889,False
2026-10-07 20:15:10.254099,DEV_101,69.49213176884894,1.5369614420353457,28.967140712224857,74.49820120450882,5.879416131669312,False
2026-10-07 20:15:20.254099,DEV_102,79.24979423198772,1.6654456128121402,29.607066833143804,73.10208909311496,5.22431019188321,False
2026-10-07 20:15:30.254099,DEV_103,74.8310077418219,1.513080733911736,29.58828113823932,72.56110047872406,2.2224057137520674,False
2026-10-07 20:15:40.254099,DEV_103,69.75013289642293,2.0085153121292256,28.50684330691952,71.55087915448146,2.093855823677305,False
2026-10-07 20:15:50.254099,DEV_102,74.52963095622208,1.3132051914796645,29.646451673768436,74.18861033488216,4.72409677180459,False
2026-10-07 20:16:00.254099,DEV_102,75.89021779850692,1.5583822365711728,26.902763402272505,76.0480015790766,2.0729102402834334,False
2026-10-07 20:16:10.254099,DEV_103,74.48723984886878,1.2772588242905856,29.01769250571579,72.50883738524543,2.129290882050756,False
2026-10-07 20:16:20.254099,DEV_103,65.71910112043817,1.1039932466337883,29.43024901326066,71.3295055291128,3.757802966931684,False
2026-10-07 20:16:30.254099,DEV_102,69.09145129670053,1.3164692727284144,29.48764049500924,75.07163751771199,3.758672668483969,False
2026-10-07 20:16:40.254099,DEV_101,71.00992545779398,1.4888889608854763,29.51700510825844,74.20257844435132,6.040705437943114,False
2026-10-07 20:16:50.254099,DEV_101,71.70226628359981,1.371209332644822,29.876471600279743,72.09496407045624,4.0433982234239805,False
2026-10-07 20:17:00.254099,DEV_102,74.48268839020271,1.2922737060378433,30.95888303617213,74.648756534724,3.6618364587238537,False
2026-10-07 20:17:10.254099,DEV_101,72.71080400373302,1.0781047608984498,31.749034148265046,72.79966601130356,3.7026331161771906,False
2026-10-07 20:17:20.254099,DEV_102,66.65862256515959,1.4750683282113917,28.700469546303466,72.13052220135837,4.0187484734987375,False
2026-10-07 20:17:30.254099,DEV_101,73.52079140402385,1.0485838877906994,27.59359828922171,71.68718378359992,1.5562033069206427,False
2026-10-07 20:17:40.254099,DEV_101,74.4423429811353,1.7280167891068807,27.915911175513795,72.67722602605718,1.3746641023296882,False
2026-10-07 20:17:50.254099,DEV_103,74.23916179172416,1.524731925880351,29.025594157610147,71.8053286798552,3.9855024944848756,False
2026-10-07 20:18:00.254099,DEV_103,76.32312290221849,1.0627345501605208,29.29615736436698,72.1037517119345,4.311246045327241,False
2026-10-07 20:18:10.254099,DEV_101,75.33568861819562,1.407237276885041,28.460007867605086,73.54237865813752,1.423366815145225,False
2026-10-07 20:18:20.254099,DEV_101,73.83672031691374,1.2743530783228252,27.407766671500212,73.9692694648003,0.9865770394304002,False
2026-10-07 20:18:30.254099,DEV_103,71.71933715416542,1.595752353125754,29.087758345051622,72.49759256348301,4.1285611838493965,False
2026-10-07 20:18:40.254099,DEV_103,65.35615626593604,1.9021351338069434,30.362853240227942,70.67137584689645,4.963520635273126,False
2026-10-07 20:18:50.254099,DEV_103,73.71847287653034,0.9374482591062766,31.19005893167113,72.27125019811487,4.198450131607566,False
2026-10-07 20:19:00.254099,DEV_102,72.83075074865245,1.5345078237442251,28.885153893783357,71.79074615984443,3.8327116895822297,False
2026-10-07 20:19:10.254099,DEV_101,73.0863153487815,1.451960161330008,29.17400435571313,74.04437173381,0.8747868196263945,False
2026-10-07 20:19:20.254099,DEV_103,66.89300569671876,1.7014020229351396,28.14660338230538,70.8020189791138,4.6034652717404265,False
2026-10-07 20:19:30.254099,DEV_101,67.67577383836695,1.5639589884713068,29.937121659250447,72.87536822067862,3.021302063792327,False
2026-10-07 20:19:40.254099,DEV_102,76.21261141333162,1.2744092004783543,28.303142731618372,71.85522488280938,3.920623440763736,False
2026-10-07 20:19:50.254099,DEV_102,71.84177938457339,1.4042838193000144,31.1462556264824,72.40529050038394,3.617113078306578,False
2026-10-07 20:20:00.254099,DEV_103,74.7260027894905,1.2611922429589533,26.428267016131777,70.4825949565682,4.15849948647228,False
2026-10-07 20:20:10.254099,DEV_102,72.11327350452184,1.8228021415795794,29.280740655095077,71.93140752324777,3.4271305285244598,False
2026-10-07 20:20:20.254099,DEV_101,72.11902455798298,1.5063934946015827,30.602214678383483,72.41070453604816,2.896124513026968,False
2026-10-07 20:20:30.254099,DEV_103,75.753135223904,2.070357205725902,30.367669032645008,71.28935457051593,4.800188277264922,False
2026-10-07 20:20:40.254099,DEV_101,69.9358210871305,1.4818017558556138,35.386067327960994,71.33073102983515,2.5143563348361506,False
2026-10-07 20:20:50.254099,DEV_101,72.38448310776393,1.2874779699268613,30.699600049135814,71.04028358800517,2.2190405396579234,False
2026-10-07 20:21:00.254099,DEV_102,70.15089884517982,1.0458856822161517,27.99189080631598,72.62986277925181,2.231011309553,False
2026-10-07 20:21:10.254099,DEV_102,70.26201509027074,0.9590580971232165,29.809071505821855,72.11611564757548,2.4574535590143,False
2026-10-07 20:21:20.254099,DEV_102,70.76331150612545,1.024759217098353,26.447507333067097,71.02625566613425,0.9036232026374093,False
2026-10-07 20:21:30.254099,DEV_102,72.88853508653486,1.5801379953034451,29.838800501406478,71.23560680652653,1.209339259034856,False
2026-10-07 20:21:40.254099,DEV_102,70.08500551334609,1.6526175069689801,28.333887885998482,70.82995320829139,1.1811875452341052,False
2026-10-07 20:21:50.254099,DEV_103,77.02302450229408,1.0256427893903601,31.830780551120323,73.62272821778754,3.956519804859017,False
2026-10-07 20:22:00.254099,DEV_101,68.42157079112198,1.7685114942228346,28.90091945080893,70.10733467647327,2.122263299840083,False
2026-10-07 20:22:10.254099,DEV_101,71.25251342335456,1.3550816844949682,29.766468168409506,70.82268259347079,1.647447957943253,False
2026-10-07 20:22:20.254099,DEV_101,70.2410757669033,1.5440379035956648,28.728884317191195,70.44709283525485,1.4839781649249855,False
2026-10-07 20:22:30.254099,DEV_101,77.78791153741493,1.9836661884766273,33.47770270370666,72.01751092531173,3.5392061364648,False
2026-10-07 20:22:40.254099,DEV_102,72.7862191060463,1.7690517947596596,29.357514467764176,71.35701726046469,1.374563105795456,False
2026-10-07 20:22:50.254099,DEV_101,76.12737815787455,1.4194408056282504,33.665114086958404,72.76608993533385,4.00182482503082,False
2026-10-07 20:23:00.254099,DEV_103,66.05775850785211,1.2326423323754137,31.628303524236532,72.0905853440519,5.198521102434654,False
2026-10-07 20:23:10.254099,DEV_103,73.06820106347703,0.8544553796012085,30.964133454670772,73.32562441740355,4.313142049330262,False
2026-10-07 20:23:20.254099,DEV_101,75.55852318249374,1.2842540042272739,30.73746629463504,74.19348041360823,3.2708571766056624,False
2026-10-07 20:23:30.254099,DEV_101,72.3291359571017,1.4366609283516916,30.787594596432502,74.40880492035765,3.057314870835257,False
2026-10-07 20:23:40.254099,DEV_103,76.26192150026141,1.203846141854645,26.14465484130878,73.63280815955773,4.488923842842934,False
2026-10-07 20:23:50.254099,DEV_103,69.9308461995985,1.4606229098723085,29.442233211698486,72.46835035469663,4.556058457264637,False
2026-10-07 20:24:00.254099,DEV_102,77.63738976074232,1.5230555648876305,31.690315942368642,72.83209219455901,2.9547636796706804,False
2026-10-07 20:24:10.254099,DEV_103,81.195592494477,1.4325432054575764,29.90220563305179,73.3028639531332,5.808793091291405,False
2026-10-07 20:24:20.254099,DEV_102,70.54864575824136,1.3049992257529621,27.18962030639285,72.7891590449822,2.9936420721604824,False
2026-10-07 20:24:30.254099,DEV_102,70.21798991439691,1.5505964015900182,29.89519109884506,72.2550500105546,3.2024304919073225,False
2026-10-07 20:24:40.254099,DEV_102,77.8135379084708,1.6325821948708228,33.408211032510984,73.80075648957954,3.716984537797723,False
2026-10-07 20:24:50.254099,DEV_102,78.31828858292285,1.1728802767671462,32.49378343106944,74.90717038495485,4.138899243437569,False
2026-10-07 20:25:00.254099,DEV_102,69.90855989138693,1.923279713923881,29.875991981267937,73.36140441108377,4.304270977352196,False
2026-10-07 20:25:10.254099,DEV_101,70.31925273161657,1.4704235603147215,31.902898554116174,74.4244403133003,3.0307567272070366,False
2026-10-07 20:25:20.254099,DEV_103,70.87286156455797,1.5056548868834543,29.266985959263895,74.26588456447438,4.575604438640862,False
2026-10-07 20:25:30.254099,DEV_102,66.62219795586289,1.712464326976967,26.592256826346564,72.57611485060809,5.208859964615481,False
2026-10-07 20:25:40.254099,DEV_103,68.32539221406321,1.5699648393790504,28.15106802374089,73.3173227945916,5.317442532739673,False
2026-10-07 20:25:50.254099,DEV_103,67.98343693299172,1.7859409901739736,33.1257775370164,71.66162588113768,5.458337564153407,False
2026-10-07 20:26:00.254099,DEV_102,68.92880973958349,1.5861372495605472,29.45201383634139,72.3182788156454,5.383738774713041,False
2026-10-07 20:26:10.254099,DEV_101,71.86126045045287,1.3162687876078687,29.513232041249964,73.23911009590789,2.498692611676359,False
2026-10-07 20:26:20.254099,DEV_102,72.93685893014609,1.6084510575618305,29.40032360745024,71.34294301998044,4.510181317492761,False
2026-10-07 20:26:30.254099,DEV_101,78.20200197125631,1.1568821378038014,33.80827317914601,73.65403485858424,3.1780988674755255,False
2026-10-07 20:26:40.254099,DEV_103,68.00658383704484,1.532567911732957,33.251917830724125,71.27677340862695,5.674437698289177,False
2026-10-07 20:26:50.254099,DEV_101,75.93728959390633,1.4900310028066617,34.437560466896265,73.72978814086676,3.2387780588277866,False
2026-10-07 20:27:00.254099,DEV_101,71.14404462309797,1.437564942818238,29.681909579199896,73.492769874066,3.405953903210831,False
2026-10-07 20:27:10.254099,DEV_101,71.80214516139027,1.4614387465683207,30.59124897749419,73.78934836002075,3.112446579349674,False
2026-10-07 20:27:20.254099,DEV_103,74.69927796866642,0.9354452863507083,26.96671490115842,69.97751050346484,2.90203022421702,False
2026-10-07 20:27:30.254099,DEV_103,67.5091119137508,1.3353825276777116,32.953868852236546,69.30476057330341,3.0296655517365374,False
2026-10-07 20:27:40.254099,DEV_101,73.52963898473621,1.5278534703423343,27.66444089746413,74.12302406687742,2.9386443908322537,False
2026-10-07 20:27:50.254099,DEV_101,72.66580883285222,1.54795691759922,30.43355112752526,73.0157854391966,1.864004561676315,False
2026-10-07 20:28:00.254099,DEV_102,73.9698050560326,1.1916974577222126,27.80539494473431,70.47324631460239,2.992909901079023,False
2026-10-07 20:28:10.254099,DEV_101,73.15667457563127,1.8797123522594101,28.822266346522607,72.45966243554159,0.9793302903780691,False
2026-10-07 20:28:20.254099,DEV_102,81.82120055964357,1.2401475455356499,28.3254751379006,72.85577444825373,5.828915678680974,False
2026-10-07 20:28:30.254099,DEV_101,69.44904006299474,1.790837160158021,28.784249478648363,72.12066152352095,1.6274781120274966,False
2026-10-07 20:28:40.254099,DEV_102,69.87601217999273,1.6281583085615055,28.921754593702044,73.5065372930797,5.0943369991718725,False
2026-10-07 20:28:50.254099,DEV_103,69.50743789430095,1.306131807046859,28.903462410149846,69.54116970935095,2.9798474263311143,False
2026-10-07 20:29:00.254099,DEV_101,69.77809152335898,2.0325932677828535,31.666667823560616,71.71585079591469,1.9468925835355233,False
2026-10-07 20:29:10.254099,DEV_101,69.45045149077393,1.141908950473056,27.79027441387496,70.90001329712223,1.8490413207217897,False
2026-10-07 20:29:20.254099,DEV_101,76.7560661244302,1.7757462520830005,30.441082854027734,71.71806475543782,3.2212224047286377,False
2026-10-07 20:29:30.254099,DEV_101,77.68201699195942,1.8001746954128934,32.435918304611114,72.62313323870345,4.210358606777257,False
2026-10-07 20:29:40.254099,DEV_102,69.7170148250021,1.2988139372770064,28.973607270973208,73.66417831016341,4.926705678625844,False
2026-10-07 20:29:50.254099,DEV_101,68.67057770758308,1.9177395900192986,28.564162218504798,72.46744076762113,4.368498180193175,False
2026-10-07 20:30:00.254099,DEV_103,73.88566222554562,1.4249860456203143,29.538950749639497,70.72161476786172,3.354057016389445,False
2026-10-07 20:30:10.254099,DEV_103,69.79110782287611,1.586608088783957,32.35945041672142,71.07851956502797,3.076375258520087,False
2026-10-07 20:30:20.254099,DEV_101,74.53172727102205,1.5780965516313663,30.388215261906716,73.41816791715374,4.1486255027304635,False
2026-10-07 20:30:30.254099,DEV_103,72.8116920834052,1.4597073775588356,28.937571410784802,70.70100238797573,2.5998912665258644,False
2026-10-07 20:30:40.254099,DEV_101,65.93702354001107,1.7432424819479346,30.967753302376078,72.71548232700117,5.162370739448857,False
2026-10-07 20:30:50.254099,DEV_101,78.19002080532024,1.7380466161656638,27.795415700327155,73.00227326317918,5.473419761155997,False
2026-10-07 20:31:00.254099,DEV_103,79.18351069238209,0.9754404080285458,31.362719020885898,73.03588214370198,3.9225056837882954,False
2026-10-07 20:31:10.254099,DEV_101,69.54884523806246,1.8913020728634458,30.817214615403536,71.37563891239978,4.915021941181374,False
2026-10-07 20:31:20.254099,DEV_103,70.44919376025607,1.0012524035892978,29.384383057722232,73.22423331689302,3.7285339111746323,False
2026-10-07 20:31:30.254099,DEV_102,73.14346156289962,1.8097638613024971,28.32282840310554,73.70549883671413,4.919942349661645,False
2026-10-07 20:31:40.254099,DEV_101,73.3378271599481,1.838011541048275,28.226638155433086,72.3090888028728,4.711845334793728,False
2026-10-07 20:31:50.254099,DEV_102,74.63417709069132,1.1727100709354406,31.06963467269182,73.83837324364586,4.937804126778649,False
2026-10-07 20:32:00.254099,DEV_103,80.0408181550654,1.3767557136136246,32.457961004978124,74.45526450279696,4.849201281102332,False
2026-10-07 20:32:10.254099,DEV_102,71.2922110900238,1.1682885994542194,28.72538450594241,71.73257534972191,2.1279758153556423,False
2026-10-07 20:32:20.254099,DEV_102,68.80681102184619,1.4355236909133795,30.91677340710297,71.51873511809261,2.397798790490606,False
2026-10-07 20:32:30.254099,DEV_103,66.48272308794189,1.4075897147442777,25.825945962795863,73.79358755581013,5.7809382764486665,False
2026-10-07 20:32:40.254099,DEV_102,69.07627984023232,1.7338981596808019,28.8307645386856,71.39058812113865,2.531552866541832,False
2026-10-07 20:32:50.254099,DEV_102,71.8674921085048,1.8930926238358825,29.937882134258196,71.13539423025968,2.369825529707288,False
2026-10-07 20:33:00.254099,DEV_103,79.17823145407115,1.9187051432369868,28.180633166036333,75.06689542994332,6.196787391567125,False
2026-10-07 20:33:10.254099,DEV_102,69.92955480385531,1.3313495920265095,28.126987250420807,70.19446977289249,1.3463065411034623,False
2026-10-07 20:33:20.254099,DEV_103,72.89515180655559,1.4372334378766416,28.664440887062227,73.80922365277802,5.776286730169533,False
2026-10-07 20:33:30.254099,DEV_102,71.934308415709,0.9949685423337149,30.584385456652747,70.32288923802953,1.4991422480073322,False
2026-10-07 20:33:40.254099,DEV_103,76.75357309379234,1.2582389800511433,29.62534196318725,75.07009951948527,5.542840123809914,False
2026-10-07 20:33:50.254099,DEV_103,82.10772970349448,1.7894554899292372,25.523537533350055,75.4834818291711,6.059250711421278,False
2026-10-07 20:34:00.254099,DEV_102,69.87652490831871,1.9846748470644695,25.758599694729867,70.53683201532402,1.2905038082578502,False
2026-10-07 20:34:10.254099,DEV_102,70.04224222992711,1.1296953384360233,28.78626964428565,70.73002449326299,1.0707929361581716,False
2026-10-07 20:34:20.254099,DEV_102,76.17664350827629,1.3222607222541318,30.915373172107103,71.59185477321729,2.7039073121251427,False
2026-10-07 20:34:30.254099,DEV_101,74.72756595850525,1.4920782729123219,24.50499031454953,72.34825654036942,4.735693858084206,False
2026-10-07 20:34:40.254099,DEV_101,79.38682930294414,1.584048347645882,29.00053964769674,75.03821769295604,3.9359029525331235,False
2026-10-07 20:34:50.254099,DEV_101,74.33571274130385,1.2571189440235062,28.947504286965156,74.26735608015277,3.519724436108401,False
2026-10-07 20:35:00.254099,DEV_103,70.56283163685177,1.6272183133392268,32.7766755564169,76.29950353895306,4.656387010833046,False
2026-10-07 20:35:10.254099,DEV_102,74.36261932276923,1.3578481958787252,29.229956376574272,72.47846767700007,2.7489971719427926,False
2026-10-07 20:35:20.254099,DEV_103,76.43481432233163,1.4956643187365162,30.765977969481856,75.75082011260517,4.386163673008912,False
2026-10-07 20:35:30.254099,DEV_101,75.28192872478945,1.66388527440111,30.282514280174926,75.41397277749816,2.3315876702217126,False
2026-10-07 20:35:40.254099,DEV_102,74.02909612442919,1.5019266809432814,25.7388670403856,72.8974252187441,2.804400737091822,False
2026-10-07 20:35:50.254099,DEV_103,76.26669875835661,1.3690842328420294,31.536414433263474,76.42512950296536,4.086304889475931,False
2026-10-07 20:36:00.254099,DEV_102,76.67718236178268,1.4671170588222509,30.430793010912577,74.2575567094369,2.615797726877841,False
2026-10-07 20:36:10.254099,DEV_103,77.52863596415011,1.4734911122383993,31.01653727934918,76.58014207703692,4.116468675513623,False
2026-10-07 20:36:20.254099,DEV_102,74.59483955035857,1.3889966910353617,37.85247541287265,75.16807617352319,1.1799625071345399,False
2026-10-07 20:36:30.254099,DEV_101,71.33152767873258,1.4223611811998693,25.831774121002823,75.01271288125506,2.885140121953229,False
2026-10-07 20:36:40.254099,DEV_101,72.58685474573329,1.979594151151415,33.449393299522214,74.58457063870067,3.089623121031229,False
2026-10-07 20:36:50.254099,DEV_102,76.82603586603342,1.6682758343823716,29.42510496119929,75.29795464507461,1.343179647270607,False
2026-10-07 20:37:00.254099,DEV_103,68.73225731605106,1.4113559045912518,30.57465780880602,73.90504759954824,3.9697504758495623,False
2026-10-07 20:37:10.254099,DEV_101,73.4746932354916,1.7090863213532206,29.908975509397514,73.40214342521016,1.529914467860925,False
2026-10-07 20:37:20.254099,DEV_101,70.42664475069056,1.399854153073197,29.151527333203912,72.62032982708749,1.8900020700351965,False
2026-10-07 20:37:30.254099,DEV_101,72.11497929173927,1.8519373912759924,28.860334143522483,71.98693994047747,1.1676673357573062,False
2026-10-07 20:37:40.254099,DEV_102,77.11380745042919,1.6108926576594282,30.65901747114602,75.84819227060662,1.4252357947173853,False
2026-10-07 20:37:50.254099,DEV_102,72.76439627207961,1.4678093567987314,26.96565260665664,75.59525230013669,1.8712283472602746,False
2026-10-07 20:38:00.254099,DEV_103,72.18574619262459,1.6343150777430833,31.50115833504353,74.22963051070279,3.6842399086348325,False
2026-10-07 20:38:10.254099,DEV_103,66.56057543608033,1.0287371543794501,29.167611190229493,72.25478273345254,4.710253342323513,False
2026-10-07 20:38:20.254099,DEV_103,74.98501426410888,1.1619697593270584,27.739861321919285,71.998445834603,4.46587329609305,False
2026-10-07 20:38:30.254099,DEV_102,74.5819367245643,1.1418224980802834,29.099974284008372,75.17620317269302,1.8016802610139553,False
2026-10-07 20:38:40.254099,DEV_102,80.65301889322184,1.5428829284291121,32.514298433725145,76.38783904126566,2.970750176172202,False
2026-10-07 20:38:50.254099,DEV_103,70.76888706018799,2.0197544998455275,28.929329825967553,70.64649605381057,3.22358759958929,False
2026-10-07 20:39:00.254099,DEV_103,72.87660131065576,2.1693900438577898,30.71690723641924,71.4753648527315,3.1400640969274294,False
2026-10-07 20:39:10.254099,DEV_102,72.99753473484301,1.691415330432227,28.538087448569055,75.6221388150276,3.304243070943576,False
2026-10-07 20:39:20.254099,DEV_103,78.3098131190539,1.650253342483337,31.515843699847238,72.70017823801737,4.419960758998437,False
2026-10-07 20:39:30.254099,DEV_101,71.61881787045219,0.9596826797541783,31.371015477580407,72.04439797882138,1.1339344693059616,False
2026-10-07 20:39:40.254099,DEV_102,73.11608610308136,1.3371978600797936,33.69721766659282,74.82259454555802,3.336576043285924,False
2026-10-07 20:39:50.254099,DEV_103,74.43158603886616,1.2636648744275283,29.64887210900157,74.27438035857453,2.786426980462604,False
2026-10-07 20:40:00.254099,DEV_102,72.74643649262543,1.3137457205246652,31.337309609515813,74.81900258966718,3.3393542185424825,False
2026-10-07 20:40:10.254099,DEV_101,70.21426554179789,1.4495568544245632,30.19613507907789,71.56988013803429,1.329710401710797,False
2026-10-07 20:40:20.254099,DEV_102,72.77635997159324,1.3583728266908617,32.59174356372603,74.45788723907297,3.466601850017925,False
2026-10-07 20:40:30.254099,DEV_102,76.29452699943909,0.9062100568872637,28.56233522478254,73.58618886031643,1.5218091721432043,False
2026-10-07 20:40:40.254099,DEV_102,67.89393880235576,1.72437307683526,31.49001062575456,72.56546967381897,3.004557845181728,False
2026-10-07 20:40:50.254099,DEV_102,72.5318786965875,1.1781770922780581,29.610605407766638,72.4486281925202,2.9891119761138696,False
2026-10-07 20:41:00.254099,DEV_101,69.19951674024331,1.571774059233345,29.871623645783004,70.71484483898465,1.1626910485925555,False
2026-10-07 20:41:10.254099,DEV_102,76.78018651569937,2.122224800924992,30.183504968896745,73.255378197135,3.5762634654325804,False
2026-10-07 20:41:20.254099,DEV_102,65.9072523808649,1.224184622524073,30.504480792853354,71.88155667898931,4.885877818506203,False
2026-10-07 20:41:30.254099,DEV_103,69.76431261091365,0.7409137431761011,29.767541913756084,73.2302400279355,3.3705068854795166,False
2026-10-07 20:41:40.254099,DEV_102,73.50884750025809,1.4141987334359667,30.42942636634105,71.32442077915312,4.390585796419052,False
2026-10-07 20:41:50.254099,DEV_103,78.26209611693736,1.8302878904995712,33.15623611512437,74.72888183928538,3.6562599584553896,False
2026-10-07 20:42:00.254099,DEV_101,71.73699895570805,2.087504236266178,31.970899371230438,70.97691567998814,1.2273687319658237,False
2026-10-07 20:42:10.254099,DEV_101,69.77920189322721,1.1311351216642749,31.738309184993792,70.50976020028573,1.1262653257952433,False
2026-10-07 20:42:20.254099,DEV_101,79.52462827776236,1.6490097669709565,29.088920947952257,72.09092228174777,4.260615103351876,False
2026-10-07 20:42:30.254099,DEV_101,66.20794439833503,1.360406862965984,28.22151834354335,71.2896580530552,5.0122058684738,False
2026-10-07 20:42:40.254099,DEV_103,63.204776173519676,1.4682154937087593,31.910601116475505,72.79451681185814,6.405821092520836,False
2026-10-07 20:42:50.254099,DEV_102,73.76005780021333,2.2933030041051103,31.752093585059587,72.49764457872463,4.012194699559402,False
2026-10-07 20:43:00.254099,DEV_101,69.99178310258955,1.049108901481454,32.945341351501966,71.44811132552444,4.941636423129362,False
2026-10-07 20:43:10.254099,DEV_102,67.91506873147715,1.576121898448372,28.79203874806154,71.57428258570258,4.503517175465507,False
2026-10-07 20:43:20.254099,DEV_103,74.8334257891974,1.64030795152963,29.540902689279307,72.09923934588684,5.819359461440078,False
2026-10-07 20:43:30.254099,DEV_103,72.9752028550848,1.825735897481804,26.72103167494913,71.80796270913058,5.708831726881668,False
2026-10-07 20:43:40.254099,DEV_103,69.74368547705309,1.5293949460412686,29.215057787878255,71.80383728235847,5.710684906703487,False
2026-10-07 20:43:50.254099,DEV_101,66.87878240531643,1.5924151618512308,31.993141021158895,70.47646801544612,5.332774588843764,False
2026-10-07 20:44:00.254099,DEV_102,75.48982931312058,1.3825054297734627,29.067009241543605,71.31621114518683,4.154026176585779,False
2026-10-07 20:44:10.254099,DEV_102,74.60080471183464,1.5807380823735322,31.280959590401647,73.05492161138076,2.9765703192058384,False
2026-10-07 20:44:20.254099,DEV_102,71.60329654488247,1.3970423173507769,29.618993788004378,72.67381142030563,3.025509262632276,False
2026-10-07 20:44:30.254099,DEV_103,79.38654798419066,1.6864715669568153,30.64811405644312,72.02872765580912,6.041175473935402,False
2026-10-07 20:44:40.254099,DEV_101,67.71966093469538,1.3891168991869098,27.704617220368664,70.06455982373976,5.477668361287039,False
2026-10-07 20:44:50.254099,DEV_103,65.89789931630105,1.6131301181706559,30.1704188992678,72.5673522843654,5.105329527606309,False
2026-10-07 20:45:00.254099,DEV_103,69.23236772047503,1.4912211558945065,24.017728058198553,71.44714067062094,5.098289442451253,False
2026-10-07 20:45:10.254099,DEV_102,71.81765593457801,1.8378150752316504,29.62620768367603,72.28533104717857,2.9754542178232506,False
2026-10-07 20:45:20.254099,DEV_103,72.97335779729077,1.484581882923454,26.73905351256972,71.44677165906212,5.098151256910288,False
2026-10-07 20:45:30.254099,DEV_102,71.03505576857468,0.9680902595379356,32.41198903309363,72.90932845459807,1.9956479493742112,False
2026-10-07 20:45:40.254099,DEV_101,73.40822158605718,1.8785764502141975,31.554814705529022,68.84127848539872,2.925085270864025,False
2026-10-07 20:45:50.254099,DEV_102,66.99384230323822,1.2282803097412143,30.93334196393216,71.21013105262162,2.7307542741448474,False
2026-10-07 20:46:00.254099,DEV_101,77.77505841629304,1.303870098405354,33.04201245431876,71.15470128899032,4.481708532077188,False
2026-10-07 20:46:10.254099,DEV_102,71.67139528642973,1.3213016117869523,28.102166958350324,70.62424916754063,2.0510902306346837,False
2026-10-07 20:46:20.254099,DEV_103,76.4691833263525,1.912331427951245,33.494726395831115,72.791871228922,5.413922725287636,False
2026-10-07 20:46:30.254099,DEV_103,73.37090138551082,0.8592977358063913,31.86438312852077,71.58874190918604,4.088097073127642,False
2026-10-07 20:46:40.254099,DEV_101,73.82701287661513,2.441324560097998,29.526889425562107,71.92174724379542,4.5604253775045995,False
2026-10-07 20:46:50.254099,DEV_101,74.27906912092881,4.316817042719816,32.27124029436589,73.4018045869179,3.618098322004763,False
2026-10-07 20:47:00.254099,DEV_101,73.79083424006926,4.066971674238748,27.787412975176732,74.61603924799267,1.7927144499708227,False
2026-10-07 20:47:10.254099,DEV_102,74.57089103947017,3.983531799815114,28.350971676944653,71.21776806645816,2.7241516761253783,False
2026-10-07 20:47:20.254099,DEV_102,77.31661012052973,4.085666222457297,28.7828205535206,72.31755890364852,3.8881974916567423,False
2026-10-07 20:47:30.254099,DEV_101,72.78608467880588,4.156336728513802,28.94204458387197,74.49161186654241,1.9149281808378724,False
2026-10-07 20:47:40.254099,DEV_103,74.83601503035405,1.6935646757850171,27.886884714479493,73.37636505199664,2.6940332923039,False
2026-10-07 20:47:50.254099,DEV_102,71.64105722285109,1.6666813398010345,32.44616613419065,72.43875919450379,3.8474573297384906,False
2026-10-07 20:48:00.254099,DEV_102,77.76046886179789,1.5268742043765746,29.482291199260338,74.59208450621573,2.9453835045933174,False
2026-10-07 20:48:10.254099,DEV_102,69.29443079176292,1.4407984739078021,30.705009936713758,74.11669160728236,3.6436881478256793,False
2026-10-07 20:48:20.254099,DEV_101,79.20376173164327,1.4546180149039465,28.85929726717264,74.77735252961246,2.5339147689154085,False
2026-10-07 20:48:30.254099,DEV_101,71.83936819742263,1.4415275158941956,26.358793398902964,74.37982359377396,2.8557554355415196,False
2026-10-07 20:48:40.254099,DEV_101,66.27689959152781,1.8401310290601194,30.540114716782846,72.77938968789377,4.622273220976415,False
2026-10-07 20:48:50.254099,DEV_101,72.51241765964316,1.6780670166842586,26.175490049160445,72.52370637180856,4.587565343091684,False
2026-10-07 20:49:00.254099,DEV_101,69.27579337010047,0.617883409600716,29.862731907829062,71.82164811006746,4.801007461586328,False
2026-10-07 20:49:10.254099,DEV_103,75.36257419595489,1.6967702329589283,27.26336992233438,74.6024063470926,1.4394172530620284,False
2026-10-07 20:49:20.254099,DEV_103,69.38950408279044,1.5584208584156325,33.974551998461614,73.88563560419254,2.749519842800625,False
2026-10-07 20:49:30.254099,DEV_101,70.21526626714088,1.4943873730662307,31.822725444349445,70.02394901716698,2.4558573627748945,False
2026-10-07 20:49:40.254099,DEV_102,64.44183707621788,1.3834444640733343,30.21150758254296,72.0908808146319,5.612103427178242,False
2026-10-07 20:49:50.254099,DEV_101,70.1907747230037,1.8372338159958042,32.527413355309335,69.6942303222832,2.253522435682137,False
2026-10-07 20:50:00.254099,DEV_103,62.304482693484175,1.7842579386368573,28.30736804506853,71.05269547761887,5.421256140614221,False
2026-10-07 20:50:10.254099,DEV_103,65.66438870605711,1.2681366996529173,31.086958757340184,69.51139294172813,5.686426300101526,False
2026-10-07 20:50:20.254099,DEV_102,75.0416586245772,1.6221156861373605,30.399620867437427,71.63589051544139,5.156223946667304,False
2026-10-07 20:50:30.254099,DEV_103,75.14320063460333,1.2085029796376143,30.52804016266734,69.57283006257799,5.75952604755155,False
2026-10-07 20:50:40.254099,DEV_101,73.70183024713985,1.086114550563321,32.544707000213535,71.17921645340562,1.8486645354625562,False
2026-10-07 20:50:50.254099,DEV_102,68.13209542748315,1.3119848326230104,31.464984205559606,70.93409815636781,5.388890709134981,False
2026-10-07 20:51:00.254099,DEV_101,71.80915457543207,1.7587180417148276,30.577447325650045,71.03856383656338,1.7457607973927909,False
2026-10-07 20:51:10.254099,DEV_101,71.98558984363773,1.785937513612826,26.690225127543407,71.58052313127084,1.4587342288690326,False
2026-10-07 20:51:20.254099,DEV_102,67.36654124322983,1.653925626029188,28.079907409441073,68.85531263265419,3.894931044079004,False
2026-10-07 20:51:30.254099,DEV_101,78.0135932070686,1.7175287360543992,29.75458213280855,73.14018851925638,2.994549460460081,False
2026-10-07 20:51:40.254099,DEV_103,75.50944916230269,1.6548534861344875,30.186744748553302,69.60220505584755,5.7966920722899165,False
2026-10-07 20:51:50.254099,DEV_101,71.11614330468134,1.3075555214331143,27.73959255065215,73.32526223559192,2.788178696357817,False
2026-10-07 20:52:00.254099,DEV_102,72.10754335597812,1.6295767634021823,34.82335335115684,69.41793514549724,4.167835493778694,False
2026-10-07 20:52:10.254099,DEV_102,72.8335312317902,1.7401228575683048,33.03278811050715,71.0962739766117,3.2520781541303836,False
2026-10-07 20:52:20.254099,DEV_102,63.83306052630284,1.7262873989440723,31.204236640784966,68.85455435695683,3.686655822724161,False
2026-10-07 20:52:30.254099,DEV_101,71.01129046991761,1.8566740114423927,30.14407372256749,72.78715428014746,2.952144253663249,False
2026-10-07 20:52:40.254099,DEV_102,69.2720630080088,1.7124911541603192,29.575582060197696,69.08254787306196,3.665998703385653,False
2026-10-07 20:52:50.254099,DEV_102,67.99351996042034,1.6054344622624748,28.096163079955527,69.20794361650005,3.6028068415967036,False
2026-10-07 20:53:00.254099,DEV_101,70.87559882845618,1.8210450714949282,30.154961037037726,72.6004431307523,3.0571178556637566,False
2026-10-07 20:53:10.254099,DEV_103,79.19074610739808,1.492043622225282,30.5155050802855,71.56245346076908,7.195286037958124,False
2026-10-07 20:53:20.254099,DEV_101,74.56337144506804,1.2354376046316846,27.51647884903675,73.11599945103835,3.143641588158757,False
2026-10-07 20:53:30.254099,DEV_102,69.71528404086881,1.4510799108168708,30.668352834489795,68.72949175347819,3.2644296317387336,False
2026-10-07 20:53:40.254099,DEV_102,74.29033112542463,1.2765292065580653,29.6894819023505,69.02085173220509,3.7510446737316805,False
2026-10-07 20:53:50.254099,DEV_101,77.59742174634401,1.2974465175076855,26.18438488424522,73.03276515889344,2.982952027439309,False
2026-10-07 20:54:00.254099,DEV_103,75.69853473165108,1.4566443987853446,28.279229978440995,74.24126386840246,5.064720728316558,False
2026-10-07 20:54:10.254099,DEV_102,72.2385214796807,1.2622740237000116,29.17278893315671,70.70194392288064,2.529387812167005,False
2026-10-07 20:54:20.254099,DEV_102,69.41225288917771,1.407611541108288,33.77537531468038,70.72998189911443,2.5102800495412145,False
2026-10-07 20:54:30.254099,DEV_102,74.79289325445436,0.9319155999138643,31.113106249067517,72.08985655792124,2.4989374246669227,False
2026-10-07 20:54:40.254099,DEV_101,73.57394154168699,1.5639881122118815,27.32903686180022,73.52432480629457,2.7840298715397207,False
2026-10-07 20:54:50.254099,DEV_102,75.58077288011093,1.5003616426086672,30.972072578835274,73.26295432576967,2.482230009222541,False
2026-10-07 20:55:00.254099,DEV_103,74.54068720672788,1.2548734106795427,26.90539202212327,76.0165235685366,1.8285729404261413,False
2026-10-07 20:55:10.254099,DEV_102,76.19821086127735,1.6977737005297215,32.16538210777415,73.64453027294022,2.805266925722753,False
2026-10-07 20:55:20.254099,DEV_102,69.85905915375773,1.7812710412879675,29.05775069636424,73.16863780775562,3.267210307493216,False
2026-10-07 20:55:30.254099,DEV_103,77.2695762625373,1.0177320406893078,29.81272762252166,76.4417986941234,1.8219405477834247,False
2026-10-07 20:55:40.254099,DEV_102,72.7903984187696,1.2711825664301357,32.65159329508438,73.84426691367399,2.571425514602798,False
2026-10-07 20:55:50.254099,DEV_101,80.30104349050106,1.2692572950638106,27.4256728628315,75.38227541041127,3.6521213566528274,False
2026-10-07 20:56:00.254099,DEV_101,69.24324872764173,1.2180290696673406,27.20576362977402,75.05580539024837,4.189169459510047,False
2026-10-07 20:56:10.254099,DEV_101,78.94385521266099,1.7488424525795245,28.832801347307992,75.93190214376696,4.506475220877596,False
2026-10-07 20:56:20.254099,DEV_103,72.79164313385058,1.441852158368159,32.076757702038634,75.89823748843298,2.4624649988210567,False
2026-10-07 20:56:30.254099,DEV_102,69.3943279855422,1.4206455476068167,26.961307849046314,72.76455385989156,3.1433294388967266,False
2026-10-07 20:56:40.254099,DEV_101,70.0644566637827,0.898841290677974,24.33568880377886,74.42530912725469,5.038281552090355,False
2026-10-07 20:56:50.254099,DEV_103,70.71861076722271,1.690625409062768,29.097682283182003,74.2038104203979,2.543985062964203,False
2026-10-07 20:57:00.254099,DEV_102,73.69666378560767,1.1282224815439583,31.10348159982184,72.38773204099091,2.817350074694038,False
2026-10-07 20:57:10.254099,DEV_103,74.091341952142,1.5179797890798985,32.40052349947766,73.8823718644961,2.4056846564927707,False
2026-10-07 20:57:20.254099,DEV_101,69.70519998424568,1.5832130813874574,29.0736772758292,73.65156081576643,5.4794683889279545,False
2026-10-07 20:57:30.254099,DEV_101,71.90258163095606,1.9081975787515952,29.177146785767995,71.97186844385743,4.026002090383826,False
2026-10-07 20:57:40.254099,DEV_101,80.56908143444745,1.1073538802642664,32.30780146851149,74.23703498521857,5.139226101185847,False
2026-10-07 20:57:50.254099,DEV_103,78.91017268040285,0.5941463532537524,26.260516600609158,74.7562689592311,3.32325879069113,False
2026-10-07 20:58:00.254099,DEV_103,73.74529467869613,1.5551548634261085,29.222958449633982,74.05141264246285,3.0165145125721327,False
2026-10-07 20:58:10.254099,DEV_101,72.1520139126728,2.040153354453256,30.380847779850114,72.87866672522094,4.4332243978591,False
2026-10-07 20:58:20.254099,DEV_103,72.48012530687305,1.8716839058818313,30.898437442570067,73.98910907706735,3.052046658518012,False
2026-10-07 20:58:30.254099,DEV_101,74.45407189092167,1.5628978245823877,28.980386613618236,73.75658977064873,4.1630005117956514,False
2026-10-07 20:58:40.254099,DEV_101,67.90882973920638,1.3525091443103858,30.068882023411682,73.39731572164088,4.649178476283592,False
2026-10-07 20:58:50.254099,DEV_102,70.97049385030662,1.742136778991193,25.02334529317402,71.34218863879676,1.855589932705826,False
2026-10-07 20:59:00.254099,DEV_103,65.32566370448964,1.2079361400886595,28.683503175332305,72.91051966452073,4.893932624887061,False
2026-10-07 20:59:10.254099,DEV_101,73.59689249042111,1.6429073308068658,30.907017425108936,73.73617789353389,4.5741366683898885,False
2026-10-07 20:59:20.254099,DEV_101,74.58878375881096,1.651641047749988,28.035411931490643,72.54011835840659,2.764800126079026,False
2026-10-07 20:59:30.254099,DEV_103,70.0672541508025,1.818062972249664,30.117968443179194,72.10570210425284,4.981301715608917,False
2026-10-07 20:59:40.254099,DEV_102,78.29594705316013,2.3278980116733234,30.893745001605396,73.02956621867725,3.3797826677154568,False
2026-10-07 20:59:50.254099,DEV_102,67.09693734799063,1.61772479015363,29.31490159828447,71.89087400452146,4.311250045284274,False
2026-10-07 21:00:00.254099,DEV_101,66.14250047916072,1.3473109122877505,30.340927541993143,71.33821567170416,4.004139048384858,False
2026-10-07 21:00:10.254099,DEV_103,72.8978072742399,1.4923277063424016,28.074534869430774,70.90322902302024,3.404055315021187,False
2026-10-07 21:00:20.254099,DEV_102,76.18839321044862,0.9692772285332646,29.586777440607907,73.24968704950274,4.3974871420002835,False
2026-10-07 21:00:30.254099,DEV_103,78.73571076583147,1.2915860606732825,31.220432339178444,71.90131224044731,4.864153391563837,False
2026-10-07 21:00:40.254099,DEV_103,70.16446294852425,1.3772152685660688,30.313945921936867,71.43817976877754,4.905331674108829,False
2026-10-07 21:00:50.254099,DEV_101,76.31472333372518,1.3427734806196223,28.82693746087213,71.71034596026487,4.429931767200196,False
2026-10-07 21:01:00.254099,DEV_102,71.84596612199717,1.5457064616101166,30.448432808581586,72.87954751678063,4.428238942500458,False
2026-10-07 21:01:10.254099,DEV_101,71.30949080023672,1.2532740202853399,31.429219581273237,72.39047817247094,3.9336192621473534,False
2026-10-07 21:01:20.254099,DEV_102,75.53463974994669,1.8363092001973413,25.900117442845044,73.79237669670866,4.40669785196387,False
2026-10-07 21:01:30.254099,DEV_102,74.60929151365367,1.500062119475459,32.3181481299118,73.05504558880736,3.71963915868368,False
2026-10-07 21:01:40.254099,DEV_102,65.69443137206301,1.4972099036584157,29.327490522637856,72.77454439362182,4.290368431708406,False
2026-10-07 21:01:50.254099,DEV_102,77.90616139890358,1.4016315850461247,30.85097986648046,73.11809803131283,4.682895176973698,False
2026-10-07 21:02:00.254099,DEV_102,77.52036541658981,1.5465572051576937,32.394493847290455,74.25297789023135,4.9759397609892515,False
2026-10-07 21:02:10.254099,DEV_103,69.49774919396188,1.7475294794002905,27.256652605539067,72.272596866672,3.846110829307665,False
2026-10-07 21:02:20.254099,DEV_101,73.58321413374964,1.23986093528673,28.581117995144908,72.38774250113664,3.932575115157711,False
2026-10-07 21:02:30.254099,DEV_103,73.97612074513096,1.302565053277423,29.42290260824859,73.05437018553769,3.679432141814187,False
2026-10-07 21:02:40.254099,DEV_102,73.04269506329562,1.4088821913670007,28.432492957751144,73.75458895290114,4.940143615175457,False
2026-10-07 21:02:50.254099,DEV_101,69.79877938461831,1.0962387229580355,33.46987315167362,71.42974162629811,3.844798667199019,False
2026-10-07 21:03:00.254099,DEV_102,69.3135065282478,1.2542226420835507,28.286455812346414,72.69543195581996,5.267914783553163,False
2026-10-07 21:03:10.254099,DEV_101,71.89778371603421,1.3571337379366022,28.88890644102627,72.58079827367281,2.4884430166087776,False
2026-10-07 21:03:20.254099,DEV_103,76.69091607703746,1.7623167542138183,30.408778063205954,73.8129919460972,4.014825735404955,False
2026-10-07 21:03:30.254099,DEV_101,74.17440061837773,1.5787683987005774,27.595700947847824,72.15273373060332,1.7642682903566123,False
2026-10-07 21:03:40.254099,DEV_101,70.51754267165558,1.5580769734102633,29.208638576487473,71.99434410488709,1.8899685971867435,False
2026-10-07 21:03:50.254099,DEV_101,75.08679484259338,1.7552693886503916,30.63490652250035,72.29506024665584,2.284431975367687,False
2026-10-07 21:04:00.254099,DEV_101,60.6058295174797,1.458788463480181,29.334279191234977,70.45647027322812,5.796101043937318,False
2026-10-07 21:04:10.254099,DEV_101,76.59506280148841,1.6171394549786668,29.8132262822001,71.39592609031897,6.433723588879066,False
2026-10-07 21:04:20.254099,DEV_102,65.0411448848876,1.469033474120251,28.94133577510326,72.56477465838489,5.488452637372478,False
2026-10-07 21:04:30.254099,DEV_101,70.55023623438747,1.5796087048198886,26.971059381638465,70.67109321352089,6.243787992983764,False
2026-10-07 21:04:40.254099,DEV_101,67.52132042149543,1.3251724027165255,30.643186422678475,70.07184876348887,6.403935807831749,False
2026-10-07 21:04:50.254099,DEV_103,66.82127409711637,0.7683548525170713,33.50986614329448,71.43010461235419,3.8966492149571326,False
2026-10-07 21:05:00.254099,DEV_101,76.64330714951407,1.4597162513441087,30.036803261566877,70.38315122487302,6.737792857344584,False
2026-10-07 21:05:10.254099,DEV_103,70.12919519475244,1.926824440829982,30.4505282344951,71.42305106159982,3.8995438241669884,False
2026-10-07 21:05:20.254099,DEV_102,73.38601552692286,1.7778646206724777,31.38544551023372,71.66074548398873,4.705053929613713,False
2026-10-07 21:05:30.254099,DEV_101,71.81231768448326,1.7896192453773512,27.461339006906602,72.62444885827372,3.966132623409955,False
2026-10-07 21:05:40.254099,DEV_103,73.90816330889248,1.8708392165418655,33.40502931625921,72.30513388458596,3.8537129243586152,False
2026-10-07 21:05:50.254099,DEV_103,72.30728756424102,1.5265972772884313,30.404657592845606,71.97136724840796,3.7435017004994244,False
2026-10-07 21:06:00.254099,DEV_102,66.86803110324573,1.5591947122216787,33.263713798178216,69.53027862131992,3.6908891218271114,False
2026-10-07 21:06:10.254099,DEV_101,75.98506727778856,1.314704431369695,28.53393400895202,72.50244975353375,3.8201568722256574,False
2026-10-07 21:06:20.254099,DEV_101,70.02497366735474,1.405178143191885,33.63612384511565,72.39739724012722,3.8937759339116393,False
2026-10-07 21:06:30.254099,DEV_103,65.773672405361,1.6847313449313424,31.550310988069565,69.78791851407267,3.47689726160146,False
2026-10-07 21:06:40.254099,DEV_101,70.28753935613635,1.8611653311506449,31.10608017170472,72.9506410270554,3.154003242095863,False
2026-10-07 21:06:50.254099,DEV_103,78.00303916253725,1.4581661172957001,30.468048908706297,72.02427152715684,4.528689447496021,False
2026-10-07 21:07:00.254099,DEV_101,75.40088696845397,1.3649432205445766,29.502942763851102,72.70215699084338,2.8217966929214597,False
2026-10-07 21:07:10.254099,DEV_103,70.60539146236856,1.5001583876569793,32.40106331694774,72.11951078068006,4.4836554897483865,False
2026-10-07 21:07:20.254099,DEV_101,70.60296918272628,1.6803620246787345,30.280719739696092,72.46028729049199,2.965316888951058,False
2026-10-07 21:07:30.254099,DEV_102,70.71345979513048,1.0668435551599376,26.065860592825697,69.0644315676869,3.2583903648807904,False
2026-10-07 21:07:40.254099,DEV_101,80.30699193424337,0.8111457140588286,27.765627076585996,73.32467222178295,4.4884103608015415,False
2026-10-07 21:07:50.254099,DEV_101,73.52774180892621,1.3348389451525249,29.628308495614505,74.02522585009724,4.1013004048779464,False
2026-10-07 21:08:00.254099,DEV_102,73.72016658876427,1.1337862722257523,30.61999796633111,69.94576357979018,3.8793856070423893,False
2026-10-07 21:08:10.254099,DEV_101,76.12113381612737,1.3475579407058067,29.886823022200208,75.19194474209544,3.5671776327515423,False
2026-10-07 21:08:20.254099,DEV_102,72.95515663610605,1.4556659043547586,32.437941579587324,71.52856593003386,2.858031506904785,False
2026-10-07 21:08:30.254099,DEV_101,70.96383141671718,1.364025477293096,26.09779627192275,74.30453363174809,4.024761424570944,False
2026-10-07 21:08:40.254099,DEV_103,71.21460060366009,1.9357402603412237,30.28717587301032,71.58079823963358,4.375534103266499,False
2026-10-07 21:08:50.254099,DEV_103,71.71359496234375,1.598023429380696,26.36404154922569,71.46205971925413,4.358914681577199,False
2026-10-07 21:09:00.254099,DEV_101,71.85111105396064,1.5901423078832484,31.519424590968338,74.55416200599495,3.768320230807317,False
2026-10-07 21:09:10.254099,DEV_101,74.91051817454792,1.6866621432130207,29.811082571115996,73.47486725405587,2.1218212209883167,False
2026-10-07 21:09:20.254099,DEV_101,72.2077835432292,1.1583500646657692,30.839219944048235,73.21087560091647,2.194467396795777,False
2026-10-07 21:09:30.254099,DEV_103,74.93056030886231,1.8117335362260807,28.272234078820468,73.29343729995439,3.118636548913367,False
2026-10-07 21:09:40.254099,DEV_101,71.67713367956567,1.477270714039362,32.558929863315505,72.32207557360411,1.5162191943904906,False
2026-10-07 21:09:50.254099,DEV_103,72.31454076126437,1.7011441851723639,32.0834493281177,72.1557376196998,1.6740416373279452,False
2026-10-07 21:10:00.254099,DEV_102,64.00719726187157,1.1784428300879535,31.167088606023775,69.65280227702362,4.129218982007923,False
2026-10-07 21:10:10.254099,DEV_103,75.66531069880993,1.0338723701951809,29.740965506273117,73.16772146698808,2.000164684984238,False
2026-10-07 21:10:20.254099,DEV_103,73.38595390359197,1.7453668974075085,31.159714570590264,73.60199212697447,1.680225009279023,False
2026-10-07 21:10:30.254099,DEV_102,75.99204043943861,1.612922857829255,28.5862148640253,71.4776041442622,4.582119551081894,False
2026-10-07 21:10:40.254099,DEV_103,60.41497848722524,1.229384533692747,31.711111318041425,71.34226883195076,6.246842449598183,False
2026-10-07 21:10:50.254099,DEV_101,80.3534988191229,1.2391010756175918,33.298961788647844,74.20000905408526,3.6817605827624984,False
2026-10-07 21:11:00.254099,DEV_101,71.4416414873793,1.8376304353244308,32.141221119958374,74.11811514076899,3.750972564149505,False
2026-10-07 21:11:10.254099,DEV_103,76.43273126695007,1.1431764321398017,28.540795060385182,71.64270302356832,6.493801485297463,False
2026-10-07 21:11:20.254099,DEV_101,67.84037629149788,1.9928018859767889,30.722834634546206,72.70408676415899,4.611504688017335,False
2026-10-07 21:11:30.254099,DEV_103,74.45109562025029,1.2298137796056394,27.413716912482705,72.0700139953655,6.618167431774841,False
2026-10-07 21:11:40.254099,DEV_101,67.78633774730538,1.6915175776825149,31.14478062235135,71.81979760497423,5.125719556092205,False
2026-10-07 21:11:50.254099,DEV_101,69.50492415721678,1.4014144572753047,30.901206825725076,71.38535570050445,5.2317920235935205,False
2026-10-07 21:12:00.254099,DEV_103,79.65612541546714,1.680956229324703,26.26036732093567,72.86817693869695,7.359316685193713,False
2026-10-07 21:12:10.254099,DEV_101,71.23727039694661,1.3367657993657422,27.676432312175272,69.56211001606918,1.7649224660445018,False
2026-10-07 21:12:20.254099,DEV_103,72.8697314927189,1.4511621281783118,29.433722206512467,72.76493245652232,7.353855801680623,False
2026-10-07 21:12:30.254099,DEV_101,75.48027092275501,1.5122757526187163,29.398280505718347,70.36983590314432,3.1894235242092375,False
2026-10-07 21:12:40.254099,DEV_101,73.98272755189042,1.1993437632655581,27.581046129162388,71.59830615522284,3.154315060537576,False
2026-10-07 21:12:50.254099,DEV_102,72.60167562057431,1.7222473036260377,30.777957458704368,71.85524730935097,4.581206899346652,False
2026-10-07 21:13:00.254099,DEV_102,73.4598440098649,1.3460359300585245,30.502947217881022,71.8031827935711,4.556124441398665,False
2026-10-07 21:13:10.254099,DEV_103,81.6136623409531,1.4314200253979945,29.611461736042962,77.0046692272679,3.613121873998049,False
2026-10-07 21:13:20.254099,DEV_102,71.76952481186567,1.2016951876174464,28.488416999683274,71.56605642872302,4.511818487687595,False
2026-10-07 21:13:30.254099,DEV_103,72.80439618685988,0.7312999023614069,32.097414252833126,76.27900221124986,4.089645956506968,False
2026-10-07 21:13:40.254099,DEV_102,76.20261758403045,1.4426916712199493,33.31081422617659,74.0051404931548,2.0026055739428466,False
2026-10-07 21:13:50.254099,DEV_101,76.42210373183194,2.2237846264838748,29.032877032306924,73.32545935212815,2.899200023013881,False
2026-10-07 21:14:00.254099,DEV_103,76.74812122224152,1.7353812863694071,28.77566616569036,76.73840733164812,3.9599362689350555,False
2026-10-07 21:14:10.254099,DEV_103,74.55492088811674,1.4942218860796816,30.982415330823994,75.71816642617803,3.6665534812196787,False
2026-10-07 21:14:20.254099,DEV_101,67.42798034907807,1.4211327512375198,29.283941240506028,72.91007059050041,3.638078936513118,False
2026-10-07 21:14:30.254099,DEV_103,78.53372612920438,1.5067397678436139,29.72120559867353,76.85096535347513,3.434096880742668,False
2026-10-07 21:14:40.254099,DEV_103,67.41461842792525,1.664135734552563,31.47930630344934,74.01115657086956,4.278167734009714,False
2026-10-07 21:14:50.254099,DEV_102,73.21054186095613,1.1457561554073465,26.181287824985414,73.44884077745829,1.6716746887834135,False
2026-10-07 21:15:00.254099,DEV_103,68.98289659992257,1.8342965084006617,32.63660464970534,73.24685665348208,4.850701818647138,False
2026-10-07 21:15:10.254099,DEV_101,71.74344661362802,1.7146143946323733,30.145361048658682,73.0113058338367,3.5865715361816926,False
2026-10-07 21:15:20.254099,DEV_102,73.31504964121392,1.7154557177123804,29.177013710875638,73.59151558158621,1.610622226572021,False
2026-10-07 21:15:30.254099,DEV_102,73.2854288618011,1.6315427216429181,29.8215316915571,73.55663255197345,1.6160664725936897,False
2026-10-07 21:15:40.254099,DEV_101,73.68768301694114,1.505884997308197,29.924858710041036,72.65278825267391,3.3605432871824306,False
2026-10-07 21:15:50.254099,DEV_101,78.45484507623459,1.7018583707900459,26.53759739311015,73.54721175754275,4.273995863183101,False
2026-10-07 21:16:00.254099,DEV_102,73.81413720605592,1.6775442401224134,32.98987645490647,73.9655550308115,1.2731015257032532,False
2026-10-07 21:16:10.254099,DEV_103,71.02337345883741,1.3937877867176929,30.082651264541237,72.10190710080127,4.479054282970972,False
2026-10-07 21:16:20.254099,DEV_102,75.85634867315343,1.3279194681309296,30.88600426089475,73.89630124863609,1.1213631523919831,False
2026-10-07 21:16:30.254099,DEV_101,76.75788195569856,1.530556888578596,31.903099541148087,73.61436740231608,4.332695823860532,False
2026-10-07 21:16:40.254099,DEV_102,67.08956873945203,1.964706045448556,27.957675084879398,72.67210662433529,3.2938541407113546,False
2026-10-07 21:16:50.254099,DEV_101,74.38960027939943,1.1282678773038297,30.946943798070457,75.00669138838035,2.6327639107402385,False
2026-10-07 21:17:00.254099,DEV_102,74.8046909692436,1.059742420274268,29.464717818202413,72.97003488994122,3.431057942132642,False
2026-10-07 21:17:10.254099,DEV_103,70.80974598656003,1.549428252370955,31.693541550432986,71.35287212048993,4.2747761863911915,False
2026-10-07 21:17:20.254099,DEV_102,77.50282725324648,1.5152663105568054,25.74554515929701,73.81351456823029,3.999314873262881,False
2026-10-07 21:17:30.254099,DEV_102,71.3997776518699,1.5520024993111226,29.80181139951746,73.33064265739308,4.1424140583828475,False
2026-10-07 21:17:40.254099,DEV_101,72.50230581388617,1.5731859593725501,28.794358688432077,75.15846322843197,2.410072116525143,False
2026-10-07 21:17:50.254099,DEV_101,71.30771270286452,1.4330393236095584,30.864525901268312,74.68246916561665,2.9481360156832848,False
2026-10-07 21:18:00.254099,DEV_101,72.06231619032587,1.9469590315806247,30.940088374736405,73.4039633884349,2.192459826277019,False
2026-10-07 21:18:10.254099,DEV_102,67.6148996524192,1.0197288064570453,28.584748210355947,71.68235285324624,4.509562277897295,False
2026-10-07 21:18:20.254099,DEV_103,66.23979646962282,1.2514508925659262,28.57565227164791,68.89408618857361,2.088395484398134,False
2026-10-07 21:18:30.254099,DEV_101,78.37802025289989,1.4690235719552858,29.77866926288534,73.72799104787518,2.837032898735855,False
2026-10-07 21:18:40.254099,DEV_101,68.61215460672669,1.0070433566537498,28.206715545369583,72.57250191334063,3.579570598942205,False
2026-10-07 21:18:50.254099,DEV_102,68.03443060217477,1.4472436786703786,31.683967390904254,71.87132522579078,4.2830983469608075,False
2026-10-07 21:19:00.254099,DEV_101,63.38643954558514,1.9984410497184055,29.261585599105107,70.74932865968042,5.454638243248834,False
2026-10-07 21:19:10.254099,DEV_103,69.44415300924199,1.5062659464887886,24.186023561356716,69.29999310483696,1.9193442451830196,False
2026-10-07 21:19:20.254099,DEV_103,66.70764082637001,1.5692102717156051,29.250355886756388,68.84494195012647,2.2538806368847055,False
2026-10-07 21:19:30.254099,DEV_101,78.56806064054548,1.121950570448226,27.922912358312054,72.20139824721662,6.50558529404797,False
2026-10-07 21:19:40.254099,DEV_101,76.03926835737053,1.3150915775881566,26.73744836907811,72.99678868062554,6.723786759122506,False
2026-10-07 21:19:50.254099,DEV_102,69.2473986192891,1.387441085902819,27.525146723554855,70.75986675579989,4.0460901620522725,False
2026-10-07 21:20:00.254099,DEV_103,81.00974322137724,1.4046854709731298,30.21881694366594,70.84221590263442,5.991894976243814,False
2026-10-07 21:20:10.254099,DEV_103,75.92706194796638,1.8844931385011305,32.657281656496465,71.86567909491569,6.407582268392072,False
2026-10-07 21:20:20.254099,DEV_101,70.7006744659655,1.6673073182175373,30.62636894772996,71.46131952323867,6.028337107248032,False
2026-10-07 21:20:30.254099,DEV_102,62.00237714050571,1.1665626129188904,28.78699322356852,67.65977673325173,3.487717726184556,False
2026-10-07 21:20:40.254099,DEV_103,81.16377029036296,1.5739514335296014,30.911808390341406,74.85047385906371,6.604683712141475,False
2026-10-07 21:20:50.254099,DEV_103,66.44171013294562,1.6494665245490356,29.081819379562017,74.24998528380443,7.317162314980528,False
2026-10-07 21:21:00.254099,DEV_102,65.41840501217243,1.84204471155638,28.610799261673712,66.46350220531224,2.852081535474193,False
2026-10-07 21:21:10.254099,DEV_102,76.09028172803856,1.974162205970512,27.69127466353403,68.1585786204361,5.23259553119687,False
2026-10-07 21:21:20.254099,DEV_103,81.7590096253571,1.1954717424516395,26.49634238649656,77.26025904360186,6.487549681464915,False
2026-10-07 21:21:30.254099,DEV_103,77.53709127404207,1.2567427466368986,29.22015258688111,76.56572865413482,6.16358957209307,False
2026-10-07 21:21:40.254099,DEV_102,74.25563648020943,1.122726642325615,30.316106979840264,69.40281979604305,5.8936034238828405,False
2026-10-07 21:21:50.254099,DEV_103,74.37901736666115,1.4297940422679056,29.806752659970222,76.25611973787377,6.242072338993526,False
2026-10-07 21:22:00.254099,DEV_101,75.41366223512124,1.6399075123339004,29.168066144105282,72.82162104891759,5.991964704947811,False
2026-10-07 21:22:10.254099,DEV_101,75.03571435914706,1.7962003549767305,28.10850787860644,75.15147601162997,2.8439849925131586,False
2026-10-07 21:22:20.254099,DEV_102,73.1247656958775,1.4772146929072432,31.216492383369935,70.17829321136072,6.1188270060895595,False
2026-10-07 21:22:30.254099,DEV_102,72.4168044158075,1.404045743023547,27.36573616010683,72.26117866642109,4.069196648051824,False
2026-10-07 21:22:40.254099,DEV_102,71.74962748840191,1.5455273976746222,31.55205582768695,73.52742316166699,1.706949263878175,False
2026-10-07 21:22:50.254099,DEV_101,68.9841416445333,1.249457129510993,27.99556596214655,73.23469221242752,3.17591185941791,False
2026-10-07 21:23:00.254099,DEV_103,70.8772996925329,2.1268616165084318,28.49512952529393,74.19882561830778,5.90631534892354,False
2026-10-07 21:23:10.254099,DEV_101,65.22817274321847,1.0177016918645825,27.066429618768645,71.07247308959711,4.278095766153967,False
2026-10-07 21:23:20.254099,DEV_103,71.606641492821,1.5554221736687173,28.997195706228727,75.23181189028284,4.493036798771403,False
2026-10-07 21:23:30.254099,DEV_101,68.04563557139633,2.1070818657688917,31.95062491695596,70.54146531068328,4.495055015688253,False
2026-10-07 21:23:40.254099,DEV_103,67.58564273113691,1.5020399533679993,31.03125617688791,72.3971385114388,3.7560699345969746,False
2026-10-07 21:23:50.254099,DEV_101,72.71957660461392,1.4429882894995516,31.95684422405607,70.00264818458182,3.885110192697268,False
2026-10-07 21:24:00.254099,DEV_102,77.5680091453784,1.3927663731568718,31.04428509186787,73.82296864513495,2.28998136206208,False
2026-10-07 21:24:10.254099,DEV_101,75.67326642400926,1.4458824954712777,27.79266034293926,70.13015859755426,4.096315002849911,False
2026-10-07 21:24:20.254099,DEV_103,65.71799758550729,1.911854542402959,29.338421551344886,70.03331977373185,3.416352565138684,False
2026-10-07 21:24:30.254099,DEV_101,68.04148745371864,0.836441426601148,28.439601741765074,69.94162775939132,4.18302101704262,False
2026-10-07 21:24:40.254099,DEV_101,75.76308475195286,1.9600301103888977,32.66114980807808,72.04861016113821,3.8557258861492074,False
2026-10-07 21:24:50.254099,DEV_101,68.07005042584676,1.0728128542649564,27.606422707147377,72.05349313202828,3.849399343424376,False
2026-10-07 21:25:00.254099,DEV_102,71.1014674000119,1.4200043012296755,31.78739537877822,73.19213482909545,2.5595736758671994,False
2026-10-07 21:25:10.254099,DEV_101,74.2002083960982,1.3712266739104015,31.78590774021754,72.34961949032514,3.96855661269851,False
2026-10-07 21:25:20.254099,DEV_102,68.12662218054545,1.676565980931216,33.65924040343217,72.19250612602903,3.422873853989728,False
2026-10-07 21:25:30.254099,DEV_102,72.42150202458384,1.0205626944348758,29.180626814741004,72.1934456477843,3.422951455489754,False
2026-10-07 21:25:40.254099,DEV_101,66.66389802032718,1.6386517998245829,31.424644319160326,70.54774580958875,4.124464275537109,False
2026-10-07 21:25:50.254099,DEV_101,69.59452942419514,2.107292886986056,34.563303673077684,70.85835420368403,3.9430231073165567,False
2026-10-07 21:26:00.254099,DEV_101,73.27912773657015,1.091047798622157,28.764716646132605,70.36156280060749,3.2695366321114956,False
2026-10-07 21:26:10.254099,DEV_103,65.62802506587332,1.5569118502831187,26.92991950493528,68.28312131357428,2.8236244457045903,False
2026-10-07 21:26:20.254099,DEV_101,73.7618989518416,1.3014053466610174,26.239979932184472,71.49993250580646,3.2631008337166847,False
2026-10-07 21:26:30.254099,DEV_102,71.92144880429328,1.6277661618579107,31.425424057722662,72.22780991096258,3.4182411368242565,False
2026-10-07 21:26:40.254099,DEV_101,74.20995981766859,1.5057443332247256,26.23369958388283,71.50188279012053,3.265120492926462,False
2026-10-07 21:26:50.254099,DEV_103,72.89565653625864,1.3075539272867072,29.255361894124153,68.68679268231944,3.377217304618078,False
2026-10-07 21:27:00.254099,DEV_101,77.45656171989538,1.646361685461322,30.87462637407792,73.66041553003417,2.8017777352455164,False
2026-10-07 21:27:10.254099,DEV_103,72.50089801059163,2.041304432936023,30.37035107365983,68.86564398587356,3.5876291030950798,False
2026-10-07 21:27:20.254099,DEV_103,70.28237783549899,1.4427288624818104,30.850889728368344,69.40499100674597,3.549598071240853,False
2026-10-07 21:27:30.254099,DEV_101,72.48919001212913,1.7159273826444545,30.44457971160171,74.23934764762097,1.908164125222159,False
2026-10-07 21:27:40.254099,DEV_102,74.17319211614556,1.1120181126386508,32.55773162662679,71.54884650511602,2.219195654201242,False
2026-10-07 21:27:50.254099,DEV_103,72.19544028130282,1.2130690869545973,28.095367238522407,70.70047954590508,3.008314302046204,False
2026-10-07 21:28:00.254099,DEV_101,72.16236676481553,1.6417218833641132,28.646009723082937,74.01599545327005,2.103969914916402,False
2026-10-07 21:28:10.254099,DEV_101,69.19203324877297,1.9452348085607896,28.454681109458352,73.10202231265632,3.0305143714002867,False
2026-10-07 21:28:20.254099,DEV_102,69.3483963297962,1.606684004635698,31.66038362372522,71.19823229107286,2.43549269560791,False
2026-10-07 21:28:30.254099,DEV_103,66.38957891280123,1.4060825908430536,31.800797176790127,70.85279031529066,2.689697786170867,False
2026-10-07 21:28:40.254099,DEV_103,78.99830697274776,1.4997874216270062,30.902450638637017,72.0733204025885,4.573444201962942,False
2026-10-07 21:28:50.254099,DEV_101,67.02454705843486,1.1248776798090847,32.36698733377985,71.66493976080957,3.940755576904132,False
2026-10-07 21:29:00.254099,DEV_101,69.22837920881636,1.68135459790661,27.643918265247237,70.01930325859378,2.2897359556858894,False
2026-10-07 21:29:10.254099,DEV_102,69.12637093772321,1.7646999186970227,33.33444822310227,71.39818204250841,2.1438528379037702,False
2026-10-07 21:29:20.254099,DEV_102,75.57969750777777,1.364372900150076,33.04647724342452,72.0298211391472,2.8647629928543723,False
2026-10-07 21:29:30.254099,DEV_103,70.82020128683189,1.3589873556721495,31.471243994491495,71.73718105783654,4.595870540110738,False
2026-10-07 21:29:40.254099,DEV_103,76.99096829069494,1.5797634688956146,33.56359781754212,73.07889914887572,5.024263497746339,False
2026-10-07 21:29:50.254099,DEV_101,69.30603750302453,1.3689840791878214,26.686753584644453,69.38267275677285,1.8271205810357398,False
2026-10-07 21:30:00.254099,DEV_103,73.11597664889521,1.4801602156122533,28.951103727474695,73.26300642239421,5.0006072758377975,False
2026-10-07 21:30:10.254099,DEV_102,68.65861178696098,2.1299165367499544,28.529393078636094,71.37725373568074,3.2423585117118883,False
2026-10-07 21:30:20.254099,DEV_102,80.58059651109355,1.425892289776201,31.442958647514686,72.65873461467034,5.261293459601718,False
2026-10-07 21:30:30.254099,DEV_101,67.24960632388195,1.3924979543936333,27.89971852079571,68.40012066858614,1.1564719051229206,False
2026-10-07 21:30:40.254099,DEV_102,73.2392828409081,1.3057374583094523,31.51499029867497,73.43691191689273,4.9263508956023,False
2026-10-07 21:30:50.254099,DEV_102,74.5351075237284,1.723257591449981,32.741072287993426,74.51865923409376,4.296804520595027,False
2026-10-07 21:31:00.254099,DEV_102,73.655196389806,1.4456327480345692,31.390405800167997,74.1337590104994,4.264069104372345,False
2026-10-07 21:31:10.254099,DEV_102,71.25884936448917,1.3051880885035723,30.567502047323003,74.65380652600504,3.5236615391108494,False
2026-10-07 21:31:20.254099,DEV_101,71.4807172010663,1.8963912096819036,28.0242533181985,68.85785745904481,1.8141832655445997,False
2026-10-07 21:31:30.254099,DEV_101,72.17524588791643,1.9258809013540912,28.30629806774927,69.88799722494112,1.9687015365813254,False
2026-10-07 21:31:40.254099,DEV_103,71.41199199348604,1.3198729302783885,32.499237810593335,74.26748903853118,3.576367380612566,False
2026-10-07 21:31:50.254099,DEV_102,75.85551646717964,0.9400380145918151,31.558698007810666,73.70879051722227,1.696817133630516,False
2026-10-07 21:32:00.254099,DEV_103,80.8420920063654,1.8022541069510767,29.921960961244913,74.6362460452547,4.2227500450639255,False
2026-10-07 21:32:10.254099,DEV_101,69.77003285996867,1.294611052271999,29.164180908468218,69.99632795517157,1.9379941233912692,False
2026-10-07 21:32:20.254099,DEV_101,66.52078808168369,1.7371876797488306,25.948384253777245,69.4392780709034,2.503729144958538,False
2026-10-07 21:32:30.254099,DEV_101,71.64687180659499,0.9089688546864494,27.858295162631123,70.31873116744602,2.3068516165072315,False
2026-10-07 21:32:40.254099,DEV_101,82.31883735061727,1.7677792014897928,33.82283817427945,72.48635519735622,5.9254878430422115,False
2026-10-07 21:32:50.254099,DEV_101,68.78530172812108,1.1366484212157657,27.439088857995067,71.80836636539713,6.15930775758476,False
2026-10-07 21:33:00.254099,DEV_101,78.55646722177627,1.7192292357199572,30.37895964244216,73.56565323775867,6.665021833051584,False
2026-10-07 21:33:10.254099,DEV_101,78.71080325630577,1.5042819203509303,32.014887946390395,76.00365627268307,5.58599171577416,False
2026-10-07 21:33:20.254099,DEV_102,69.78564703316802,1.2138181741810066,27.490154663995416,73.01806335567424,2.4648453714069753,False
2026-10-07 21:33:30.254099,DEV_103,74.2759323167411,1.3778891061219658,30.369420949562166,75.32739225123655,3.691398270533936,False
2026-10-07 21:33:40.254099,DEV_101,78.51358649251415,1.7058955370870101,31.87583107502131,77.37699920986691,5.0670760430375825,False
2026-10-07 21:33:50.254099,DEV_102,70.48348903605005,1.5317683359345702,30.024998643814502,72.20773965813858,2.507058651074807,False
2026-10-07 21:34:00.254099,DEV_102,71.18567855959056,1.6753238941417452,35.736806111333536,71.71383609209549,2.391189377489827,False
2026-10-07 21:34:10.254099,DEV_103,69.67327634420542,2.0929321753546457,26.66280148224361,73.86385386193864,4.271928812993652,False
2026-10-07 21:34:20.254099,DEV_101,67.94097307722853,1.0307275164866847,32.11745705976776,74.50142635518915,5.611890663077886,False
2026-10-07 21:34:30.254099,DEV_103,69.40288981973598,1.985163772490587,29.654396525207073,73.12123649610677,4.73236146741247,False
2026-10-07 21:34:40.254099,DEV_101,67.10423893295098,1.5313067812569638,31.54384030967335,74.16521379615514,6.071498452619557,False
2026-10-07 21:34:50.254099,DEV_102,72.1363338730369,1.2303647855030615,30.88261430339849,71.88933299380503,2.3816298094023405,False
2026-10-07 21:35:00.254099,DEV_102,68.92010707576543,1.1009059122783031,28.533687605780006,70.50225111552218,1.2403983955485693,False
2026-10-07 21:35:10.254099,DEV_102,72.93514364716299,1.44326388276689,30.45799278491868,71.13215043832119,1.5472501085856112,False
2026-10-07 21:35:20.254099,DEV_102,65.77641741518549,1.7764950335773377,26.284197097203425,70.19073611414828,2.889971519997698,False
2026-10-07 21:35:30.254099,DEV_103,73.32352092885783,1.4617352638867398,31.206495001142788,73.50354228318115,4.635989481244617,False
2026-10-07 21:35:40.254099,DEV_101,75.3341158464357,1.9533464790742041,30.59631693198105,73.52074352108703,5.644884620577634,False
2026-10-07 21:35:50.254099,DEV_101,64.02505742971418,1.0646472929845323,31.277320337286206,70.58359435576871,6.0736314860353104,False
2026-10-07 21:36:00.254099,DEV_103,73.49622627939029,1.4963733156461836,32.1162366501743,72.03436913778611,2.308840981388502,False
2026-10-07 21:36:10.254099,DEV_101,76.91067596989316,1.1242819666760644,30.735239680419422,70.26301225124452,5.572013095526593,False
2026-10-07 21:36:20.254099,DEV_102,67.16143592523518,1.6090895647874903,30.296178839596553,69.3858875872772,3.0965942967380844,False
2026-10-07 21:36:30.254099,DEV_101,78.69028954735082,1.76606621702919,28.237863326677417,72.41287554526897,6.455751225297392,False
2026-10-07 21:36:40.254099,DEV_102,73.67607603746418,1.373771461895684,28.5755584727019,69.69383602016265,3.4900639655688726,False
2026-10-07 21:36:50.254099,DEV_103,69.17995257696637,0.7187358430118598,32.37346924035466,71.01517318983117,2.193870622048607,False
2026-10-07 21:37:00.254099,DEV_101,71.77692368936917,1.5596844440389483,32.87267081141196,73.34741249655261,5.800062737732281,False
2026-10-07 21:37:10.254099,DEV_103,74.23330765008689,1.6310215655200528,29.523779127375892,71.92717945100746,2.4315220738774714,False
2026-10-07 21:37:20.254099,DEV_101,72.30402156564965,1.6212884264885092,30.092005494506548,72.7413936403954,5.697988487411265,False
2026-10-07 21:37:30.254099,DEV_102,74.15502396978547,1.8707346575466461,28.190771250012467,70.74081939896666,3.9542653047074916,False
2026-10-07 21:37:40.254099,DEV_103,68.31730562768253,1.1786838961052855,32.34551369053489,71.71006261259679,2.741926815817118,False
2026-10-07 21:37:50.254099,DEV_101,72.67744329614432,1.7040648316351348,31.330833647383557,74.47187081368142,3.1194994663913094,False
2026-10-07 21:38:00.254099,DEV_102,66.34514201238008,1.8577522537433926,33.8824348729275,69.42281907201007,4.134191362028654,False
2026-10-07 21:38:10.254099,DEV_103,71.5550957546052,0.966423724798045,28.243353845640524,71.35637757774626,2.591715268049592,False
2026-10-07 21:38:20.254099,DEV_103,68.38436943414084,1.595895547775693,29.243984201963567,70.33400620869637,2.5443867621211402,False
2026-10-07 21:38:30.254099,DEV_101,69.05788022964093,1.3487460506976985,30.462891845051146,72.90131166563097,3.5339549710541034,False
2026-10-07 21:38:40.254099,DEV_101,76.94437270084175,1.4755431980695062,31.29297907545154,72.55212829632917,2.8363613769301907,False
2026-10-07 21:38:50.254099,DEV_101,76.36524048237708,1.604302945061501,29.568664724904735,73.46979165493075,3.23682466331978,False
2026-10-07 21:39:00.254099,DEV_102,74.4365524836287,1.3538314307659343,28.2540778190926,71.15484608569872,4.03756865795011,False
2026-10-07 21:39:10.254099,DEV_101,67.63074894130969,1.2972875762515166,31.762815057847142,72.53513713006275,4.191528364166473,False
2026-10-07 21:39:20.254099,DEV_103,70.7343662012208,1.5102457252464074,31.442270725091163,70.64488893354726,2.46174856436847,False
2026-10-07 21:39:30.254099,DEV_103,76.85239079991673,1.1738262183411592,28.16745179887255,71.16870556351321,3.483002842494727,False
2026-10-07 21:39:40.254099,DEV_101,72.56686765455962,1.1742524613344445,32.71088560221099,72.51302200174581,4.190881485356807,False
2026-10-07 21:39:50.254099,DEV_101,81.27731815992678,1.703811984886951,32.34039741839321,74.95690958780298,5.129958584476247,False
2026-10-07 21:40:00.254099,DEV_103,73.57327135757748,1.155361789452403,30.268592994495584,72.21989870949221,3.1879325242415657,False
2026-10-07 21:40:10.254099,DEV_102,72.76819646596013,1.6998937502727636,30.159195724752074,72.27619819384373,3.3755097636592697,False
2026-10-07 21:40:20.254099,DEV_101,70.76353414319,1.6387773878561853,31.108115542231815,73.72074187627263,5.273986519996244,False
2026-10-07 21:40:30.254099,DEV_101,72.53416361912913,0.982257981362821,28.276593859487484,72.95452650362304,5.068009973071847,False
2026-10-07 21:40:40.254099,DEV_103,71.39012065447783,1.2967306042993034,30.060062958328164,72.18690368946673,3.1973731566511483,False
2026-10-07 21:40:50.254099,DEV_101,74.83243470675436,1.8582328209142118,25.69523291078164,74.39486365671198,4.109439635223344,False
2026-10-07 21:41:00.254099,DEV_102,75.82680926717833,1.2056503406580954,31.752911291005873,72.70634483978654,3.7181418406976006,False
2026-10-07 21:41:10.254099,DEV_103,68.8560421579682,1.3606787213071838,26.87701355511628,72.2812382342322,3.0611949120769295,False
2026-10-07 21:41:20.254099,DEV_101,66.6750681857689,1.638618267975569,33.006839656858,73.21650376295383,5.4051130653159705,False
2026-10-07 21:41:30.254099,DEV_103,64.65517850758681,1.7350171527847786,29.3397598120671,71.0654006955054,4.632934448701638,False
2026-10-07 21:41:40.254099,DEV_101,74.03196530765017,1.4245383341866513,29.576666036137645,71.76743319249852,3.242306670914654,False
2026-10-07 21:41:50.254099,DEV_101,67.5865335753045,1.3207469415925075,28.744532187830988,71.13203307892141,3.758445555652361,False
2026-10-07 21:42:00.254099,DEV_101,63.38843762819007,1.9267109585095523,29.423922252155847,69.30288788073359,4.943988563188313,False
2026-10-07 21:42:10.254099,DEV_102,73.55431441812385,2.0216698991392734,32.83706269029607,72.58620292945422,3.669009600055032,False
2026-10-07 21:42:20.254099,DEV_102,81.97199806973116,1.7936574152345386,25.02438268692984,75.71157414092444,3.679303900820477,False
2026-10-07 21:42:30.254099,DEV_103,71.97571635384043,1.5255954427695073,32.55393077217637,70.09006580629016,3.479919389242986,False
2026-10-07 21:42:40.254099,DEV_101,75.35396309780657,1.2575202835077222,30.676046962203415,69.40719355894404,5.093066769165981,False
2026-10-07 21:42:50.254099,DEV_101,72.32731743419026,1.2508666780330304,27.585956704285568,70.53764340862831,4.9606034547097035,False
2026-10-07 21:43:00.254099,DEV_102,71.60444138723543,1.6567542315797272,27.849375213901524,75.14515192164579,4.116667261139745,False
2026-10-07 21:43:10.254099,DEV_101,75.67630593195108,1.625519466266605,33.352786054416406,70.86651153348849,5.293513538199002,False
2026-10-07 21:43:20.254099,DEV_102,70.8389018232454,1.9204795778839288,28.108986240114536,74.75929299310283,4.470381260690651,False
2026-10-07 21:43:30.254099,DEV_101,73.06956925628761,1.6951350277608417,27.69329897880808,71.96311866968512,5.004188600173112,False
2026-10-07 21:43:40.254099,DEV_103,73.28679122478405,1.0490759094720548,32.27462908472946,70.03276977973147,3.4098854136886376,False
2026-10-07 21:43:50.254099,DEV_101,69.3276381854278,1.8155842853168755,30.67710575257183,73.15095878113267,2.5755288754020302,False
2026-10-07 21:44:00.254099,DEV_101,75.96816939814609,1.2005818118056761,28.124148846927202,73.27380004120057,2.71759975518713,False
2026-10-07 21:44:10.254099,DEV_102,71.30016097321837,1.3848086184142945,30.433249950809238,73.85396333431085,4.654705383906341,False
2026-10-07 21:44:20.254099,DEV_101,68.97701936202863,1.5750600618755084,27.948494632719445,72.60374042676824,3.348991981277295,False
2026-10-07 21:44:30.254099,DEV_101,74.14603937428161,2.098700246935189,32.20164279684521,72.29768711523435,3.055023456333658,False
2026-10-07 21:44:40.254099,DEV_102,68.40612807283586,2.432975566801608,32.12274192974627,72.82432606525325,5.266722982033066,False
2026-10-07 21:44:50.254099,DEV_103,72.11272462947652,1.6820169177408548,31.064012397643886,70.17729057473119,3.496021081773276,False
2026-10-07 21:45:00.254099,DEV_103,71.96352401342318,1.4450410143838837,30.723322122494032,70.7987869458222,3.478587983619202,False
2026-10-07 21:45:10.254099,DEV_102,76.34358226332631,1.660351694544165,33.52237624973475,71.69864290397227,2.8863009227256695,False
2026-10-07 21:45:20.254099,DEV_102,73.89879293151981,1.7662966277621508,29.99937265477645,72.15751321282916,3.045566797917872,False
2026-10-07 21:45:30.254099,DEV_102,71.89989216501942,1.4037997123328425,27.636251749158397,72.36971128118395,2.966664835669269,False
2026-10-07 21:45:40.254099,DEV_102,75.27106519680115,2.0385634067736964,30.898947825664614,73.1638921259005,3.1354705229284203,False
2026-10-07 21:45:50.254099,DEV_102,77.56083019606925,1.5690212277574207,34.17209409907423,74.99483255054719,2.1942956168126875,False
2026-10-07 21:46:00.254099,DEV_103,74.23124122540744,1.6493229267274183,27.970481013628294,72.71399948938632,1.012412927500517,False
2026-10-07 21:46:10.254099,DEV_103,72.04141047937352,1.6997772756163383,29.277074466612028,72.72713831449295,1.0007960066383748,False
2026-10-07 21:46:20.254099,DEV_102,66.75265507059936,1.6264759831843367,30.832892076202906,73.0766471120018,4.091971406176053,False
2026-10-07 21:46:30.254099,DEV_101,67.73954534769851,1.7516821501408837,29.89219030198852,71.23168233351653,3.599711677171045,False
2026-10-07 21:46:40.254099,DEV_102,70.77910118258133,1.3148240440359231,28.03539283924537,72.45270876221409,4.172326035421227,False
2026-10-07 21:46:50.254099,DEV_101,69.56195119136287,1.332509473816191,32.24371571246094,71.27854493470355,3.5701307429596714,False
2026-10-07 21:47:00.254099,DEV_102,71.25211478805822,1.1699537301084915,34.64008144403452,72.32315328682185,4.203722004903511,False
2026-10-07 21:47:10.254099,DEV_102,72.22659969958843,1.631850369186068,30.392262918047816,71.71426018737932,3.8778376291273844,False
2026-10-07 21:47:20.254099,DEV_103,74.11877101742692,1.7336809510536342,28.191863420527998,72.89353427302152,1.1716828402364559,False
2026-10-07 21:47:30.254099,DEV_101,71.71800488776364,1.6373318598455657,26.90207894989305,70.42851203262705,2.5283938506720256,False
2026-10-07 21:47:40.254099,DEV_101,73.9460065753048,2.002347730004261,30.51595196244236,71.42230947528229,2.779337688923906,False
2026-10-07 21:47:50.254099,DEV_103,72.25789765924048,1.498321194351286,32.20775468663251,72.92256887897432,1.1490776601290154,False
2026-10-07 21:48:00.254099,DEV_103,64.09813373458451,1.7006224966777537,30.950335492990764,71.34949082320658,4.179100788200157,False
2026-10-07 21:48:10.254099,DEV_103,68.24265842472498,1.1724897371582057,29.995192318162292,70.15177426307008,4.001088319797614,False
2026-10-07 21:48:20.254099,DEV_103,71.42364977711354,1.3838700892576796,28.821456696421386,70.02822212261809,3.937176894917531,False
2026-10-07 21:48:30.254099,DEV_101,67.16122102863557,1.7086613272697333,27.81567273456382,70.02534580615307,2.8230969111686157,False
2026-10-07 21:48:40.254099,DEV_101,74.39971491998482,1.7547306332229433,31.669502652649765,71.35737972061034,3.0380155669965014,False
2026-10-07 21:48:50.254099,DEV_102,78.1230033293748,1.4118099157007453,31.82754324277117,71.82669481404044,4.09197075926456,False
2026-10-07 21:49:00.254099,DEV_102,76.87504740678926,1.47852022444258,26.908540426618533,73.8511732812784,3.3994234084566166,False
2026-10-07 21:49:10.254099,DEV_103,71.14622851627917,1.044637875995757,33.17967795636137,69.43371362238854,3.3449810858474427,False
2026-10-07 21:49:20.254099,DEV_103,77.9629045473998,1.392891239758017,31.148142441788004,70.5747150000204,5.074870823508854,False
2026-10-07 21:49:30.254099,DEV_103,72.59466982880845,1.767114949055936,32.79918929029159,72.27402221886518,3.5606580502649456,False
2026-10-07 21:49:40.254099,DEV_102,70.65165611552784,1.67256150483197,27.31574450302977,73.82568426786773,3.4285694066610124,False
2026-10-07 21:49:50.254099,DEV_102,69.54638934583625,1.650199716414363,27.268351689169123,73.48453917942331,3.8120715500445295,False
2026-10-07 21:50:00.254099,DEV_102,70.79012125404749,1.514932106154288,29.702061380465405,73.19724349031512,3.9809653404480216,False
2026-10-07 21:50:10.254099,DEV_102,70.44729272583508,1.5021189475884529,31.00556885379039,71.66210136960719,2.954156086283535,False
2026-10-07 21:50:20.254099,DEV_102,72.68166488950195,1.301903658157966,33.59272164585393,70.82342486614974,1.1462945439297638,False
2026-10-07 21:50:30.254099,DEV_102,72.64229592419946,1.7096485260607603,31.412157827630264,71.22155282788404,1.3912425002781106,False
2026-10-07 21:50:40.254099,DEV_102,72.01218408061366,1.626291883316817,29.514637446375932,71.71471177483951,1.042247466981359,False
2026-10-07 21:50:50.254099,DEV_103,73.74775267898539,1.6476056543978397,27.947261584668215,73.37504106971727,2.7645939069956813,False
2026-10-07 21:51:00.254099,DEV_103,76.76258509914537,1.3421895471997258,32.4600011454383,74.44282813412363,2.8521307115158634,False
2026-10-07 21:51:10.254099,DEV_103,75.7982165417653,0.8539971240386267,28.07058914849857,75.37322573922086,2.189743624241916,False
2026-10-07 21:51:20.254099,DEV_103,66.06040812620039,1.8291458135261087,33.256937109544644,72.99272645498098,4.209161434067091,False
2026-10-07 21:51:30.254099,DEV_102,61.78431546039218,1.3563487631974787,29.43123070078698,69.91355061610847,4.633630187605537,False
2026-10-07 21:51:40.254099,DEV_101,75.7372796449571,1.2411672707870638,33.1811641452357,72.59244541132918,3.3634497834424404,False
2026-10-07 21:51:50.254099,DEV_102,66.53248520633832,1.7080436735741982,31.357862580118557,69.13058911220911,4.846743596077244,False
2026-10-07 21:52:00.254099,DEV_101,71.10093839242927,1.382396208024261,29.726009021115082,72.46903211226231,3.4144900984333364,False
2026-10-07 21:52:10.254099,DEV_103,67.31954789576257,1.8179809152139865,28.96120725634775,71.9377020683718,4.932780238303378,False
2026-10-07 21:52:20.254099,DEV_102,64.79207824967992,1.6851017848730092,29.31818424530784,67.55267178424471,4.683137724945124,False
2026-10-07 21:52:30.254099,DEV_103,74.16585091281915,1.7050707969601433,30.856633384750474,72.02132171513855,4.974502144712268,False
2026-10-07 21:52:40.254099,DEV_102,75.03662064121059,1.0902132866398397,30.154312992435433,68.03153672764692,5.401059484971219,False
2026-10-07 21:52:50.254099,DEV_103,69.69395839709313,1.8635831956159201,28.81237718386259,70.6075963747281,4.240478487094742,False
2026-10-07 21:53:00.254099,DEV_101,61.635830831420364,1.5783751593701567,29.668737179364737,70.00699696348542,5.733752732436393,False
2026-10-07 21:53:10.254099,DEV_101,69.81502220699007,1.389216858226139,30.157154059438298,70.53775719915632,5.52344012106136,False
2026-10-07 21:53:20.254099,DEV_101,73.5672160216102,1.5430165402026754,25.742531811170377,70.3712574194814,5.388827690697648,False
2026-10-07 21:53:30.254099,DEV_102,66.08435372490348,0.967129430130504,30.916336229577396,66.8459706565049,4.939734506860273,False
2026-10-07 21:53:40.254099,DEV_101,72.73343967911663,1.6225958434442012,28.040557550566387,69.7704894263133,4.77333623149152,False
2026-10-07 21:53:50.254099,DEV_102,71.93876060330801,1.1911885475453785,27.69333519358851,68.87685968508806,4.395950206692929,False
2026-10-07 21:54:00.254099,DEV_101,74.31716599840435,1.0941989142469397,26.62531130577858,70.41373494750832,5.195486130107422,False
2026-10-07 21:54:10.254099,DEV_101,72.4783214736566,1.0432922441346326,26.41221500426422,72.58223307595556,1.708164270487405,False
2026-10-07 21:54:20.254099,DEV_102,68.10772423647377,1.8338065124969776,27.28910499377542,69.19190749111516,4.239596529157713,False
2026-10-07 21:54:30.254099,DEV_102,76.78628600665796,1.3112209818921634,28.581958084739018,71.59074904251077,4.5122222535084635,False
2026-10-07 21:54:40.254099,DEV_101,71.36588170789211,1.9601183129749498,33.90651827505314,72.89240497613596,1.119410818113782,False
2026-10-07 21:54:50.254099,DEV_102,71.89078184196028,1.3392595610843108,28.94824064820959,70.9615812826607,4.113311528320962,False
2026-10-07 21:55:00.254099,DEV_101,68.26692816370722,0.987792612722116,30.355500212536064,71.83234740455539,2.254627343860585,False
2026-10-07 21:55:10.254099,DEV_102,70.22687099523395,1.1650426680154022,30.800962773012657,71.7900847367268,3.201471833601735,False
2026-10-07 21:55:20.254099,DEV_103,68.4607891438924,1.8707434860020815,30.2621303724317,69.14011089515353,3.1154978174505383,False
2026-10-07 21:55:30.254099,DEV_103,71.30821576030631,1.4532305466189996,29.845113078548014,70.1896724219747,2.670838780722383,False
2026-10-07 21:55:40.254099,DEV_103,78.84683392056937,1.3355138110528197,27.60941247280151,72.49512962693606,4.143268183683269,False
2026-10-07 21:55:50.254099,DEV_103,66.51239542827457,1.5480054677558364,32.90185509655842,70.96443853002715,4.742188515697074,False
2026-10-07 21:56:00.254099,DEV_103,65.54575440849304,1.6505348208502635,33.61439328727577,70.13479773230713,5.344621273958859,False
2026-10-07 21:56:10.254099,DEV_101,77.88468130997444,1.8352196447707383,26.634682611754627,72.86259573072695,3.5652874423477585,False
2026-10-07 21:56:20.254099,DEV_103,71.16270529139254,1.934549768967878,27.95194281822724,70.67518096180717,5.269111055731534,False
2026-10-07 21:56:30.254099,DEV_103,69.32370904536033,1.3920694062632744,29.440379315245988,70.27827961881798,5.284226887043867,False
2026-10-07 21:56:40.254099,DEV_103,76.15961874958431,1.1021856941753885,28.070924410179618,69.74083658462095,4.2254590652678035,False
2026-10-07 21:56:50.254099,DEV_103,69.57753784105255,1.3759604516630173,31.01193110691173,70.35386506717656,3.8452188437900925,False
2026-10-07 21:57:00.254099,DEV_102,79.30403885418775,1.5780841519748658,28.543455595186774,73.26314038690275,4.652569849793018,False
2026-10-07 21:57:10.254099,DEV_101,74.71170348535708,1.2108723221368167,34.330112135613206,72.9415032281175,3.6096187833741706,False
2026-10-07 21:57:20.254099,DEV_103,70.04835436741719,1.2128547255314872,32.38109718868719,71.25438505896139,2.831234678989675,False
2026-10-07 21:57:30.254099,DEV_103,80.629232853062,1.6031363644649657,30.42514806126443,73.14769057129527,5.050244954397238,False
2026-10-07 21:57:40.254099,DEV_103,69.57714030798665,1.4854042945288646,32.05397252663946,73.19837682382054,5.0033250291382565,False
2026-10-07 21:57:50.254099,DEV_101,74.96838148803722,1.509839098623476,32.21180084871462,73.43951523099362,3.7003719209350128,False
2026-10-07 21:58:00.254099,DEV_102,73.19717032162596,1.272451399589979,28.872105023883513,74.28102960393318,3.702403574149112,False
2026-10-07 21:58:10.254099,DEV_101,77.20696515759519,1.4308797857382698,28.36756551091607,74.60773192093424,3.8026662094186787,False
2026-10-07 21:58:20.254099,DEV_102,78.2460447869074,1.2227300567195087,30.156286125939296,74.57298135998307,3.995310548693574,False
2026-10-07 21:58:30.254099,DEV_103,72.12801659626307,1.767059523337436,31.723272248995887,72.3920563931563,4.7238490523647,False
2026-10-07 21:58:40.254099,DEV_103,68.98632851861527,1.8105748004171258,30.278120797306837,72.27381452866884,4.81836490577482,False
2026-10-07 21:58:50.254099,DEV_101,73.83988857175646,0.9461436413285719,26.846007035618005,75.72232400254407,1.7330100100904275,False
2026-10-07 21:59:00.254099,DEV_101,69.28913852099157,1.221146741942277,28.394351112098317,74.0032154447475,2.9131902584583824,False
2026-10-07 21:59:10.254099,DEV_102,80.05354899010649,1.0510412234729762,29.852054272811245,76.20553478961232,4.2827064840155575,False
2026-10-07 21:59:20.254099,DEV_102,72.54614132433095,1.3049928196779306,29.848668791348338,76.6693888554317,3.5333141704554043,False
2026-10-07 21:59:30.254099,DEV_101,70.53871379475156,1.4749686090628917,33.94508435357962,73.1686175066264,3.2390105632532604,False
2026-10-07 21:59:40.254099,DEV_102,72.73872122345963,1.065106434090441,27.228024115202004,75.35632532928608,3.5293527879477913,False
2026-10-07 21:59:50.254099,DEV_101,66.61149484188121,1.2234420560624062,31.01117848367175,71.4972401773952,4.1156395032806055,False
2026-10-07 22:00:00.254099,DEV_102,68.1135438459574,1.1988127883755504,32.97822621665658,74.33960003415237,4.807613910415932,False
2026-10-07 22:00:10.254099,DEV_101,76.8016556317777,1.5621801988196833,34.54289949084559,71.41617827223169,3.97671230052803,False
2026-10-07 22:00:20.254099,DEV_101,69.37242288411441,1.520803301110875,29.191205153632076,70.5226851347033,3.793674914283893,False
2026-10-07 22:00:30.254099,DEV_101,67.81235606927224,1.283478733998824,30.9828589054404,70.22732864435943,3.9672391701864584,False
2026-10-07 22:00:40.254099,DEV_102,74.14661101010914,1.5530462616418195,31.139520714397293,73.51971327879272,4.2973383839738695,False
2026-10-07 22:00:50.254099,DEV_102,76.74281661865199,1.3359959746238204,30.39096346310658,72.85756680450181,3.1374219119921127,False
2026-10-07 22:01:00.254099,DEV_102,74.87581324266027,1.418503466902184,29.802309597521386,73.32350118816768,3.2505585528268424,False
2026-10-07 22:01:10.254099,DEV_101,75.98419074322327,2.002035627089561,30.87195077900009,71.31642403405377,4.745255609765142,False
2026-10-07 22:01:20.254099,DEV_102,68.97281964572215,1.9021383155371043,24.935507829560628,72.57032087262019,3.808365231941153,False
2026-10-07 22:01:30.254099,DEV_102,66.31275733303262,1.1101256289217207,31.36413898012526,72.21016357003523,4.37779215281494,False
2026-10-07 22:01:40.254099,DEV_101,78.00533460782195,1.7489197253637523,30.252355807323934,73.59519198724192,4.655938472696847,False
2026-10-07 22:01:50.254099,DEV_103,70.70928064463146,1.7434189663474777,29.555050206443468,72.40599978411169,4.750639170075172,False
2026-10-07 22:02:00.254099,DEV_101,70.99666793417981,1.1555210133742144,34.09372439143912,72.43419444772233,4.3715670520682375,False
2026-10-07 22:02:10.254099,DEV_102,77.31277656739623,1.7456332931264582,28.650131962418897,72.84339668149265,4.922960653367841,False
2026-10-07 22:02:20.254099,DEV_101,74.22492003760264,1.961379575523766,29.19384802186994,73.40469387841998,4.0486201744707495,False
2026-10-07 22:02:30.254099,DEV_103,73.82355108832643,1.163236558126676,33.98310660440947,71.04486343116457,1.962060067520909,False
2026-10-07 22:02:40.254099,DEV_101,80.66000937960433,1.224749153695721,28.335877390300286,75.9742245404864,3.6714514501124675,False
2026-10-07 22:02:50.254099,DEV_102,69.42592707847943,1.8052984400530507,28.899769434126924,71.38001877345815,4.547208333445243,False
2026-10-07 22:03:00.254099,DEV_103,75.71136051232494,1.5814485932476945,29.7059491531383,72.27170747203225,2.6217823695601923,False
2026-10-07 22:03:10.254099,DEV_102,72.22805249958834,1.665442882571857,31.6814689642591,70.85046662484376,4.1774654202714245,False
2026-10-07 22:03:20.254099,DEV_103,73.07436911545302,1.602176764920149,30.415605014706628,72.46097797587024,2.642890141552949,False
2026-10-07 22:03:30.254099,DEV_103,78.11387370565012,1.6172087762784433,27.414749305695473,74.2864870132772,2.791016761592547,False
2026-10-07 22:03:40.254099,DEV_101,74.03134302515849,1.1020583615066752,28.93566287374562,75.58365499687343,3.7726048500189977,False
2026-10-07 22:03:50.254099,DEV_101,74.15318431619853,1.8141953119864345,28.785291133575576,74.81322493854876,3.5406246367655014,False
2026-10-07 22:04:00.254099,DEV_102,76.2900293492392,1.850876997728332,29.845557909553907,72.31390856554717,4.614104524055446,False
2026-10-07 22:04:10.254099,DEV_101,70.54018908182846,1.4311827767795917,30.851687317259657,74.7219291680785,3.6672586747656037,False
2026-10-07 22:04:20.254099,DEV_101,68.64316133064398,1.4869569150558413,30.836411511775943,73.60557742668676,4.589889406175395,False
2026-10-07 22:04:30.254099,DEV_103,67.82076322391586,1.0406677492332834,26.447976491903194,73.70878352913408,3.8242505930064126,False
2026-10-07 22:04:40.254099,DEV_101,64.134573642496,1.6542764268053505,32.12788197512171,70.30049027926509,4.170888283244842,False
2026-10-07 22:04:50.254099,DEV_103,80.22482851976129,1.6716172325142433,30.505137691993248,74.98903901542106,4.815339307069558,False
2026-10-07 22:05:00.254099,DEV_103,67.58716653711326,1.4813426949002066,32.769064095187815,73.3642002203787,5.783931034765681,False
2026-10-07 22:05:10.254099,DEV_103,71.11498550565692,1.8373060079611507,30.888396654581342,72.97232349841948,5.874150168262067,False
2026-10-07 22:05:20.254099,DEV_102,70.89274680044431,1.3997768307060179,32.20264591547152,73.2299064590295,3.4267501432989076,False
2026-10-07 22:05:30.254099,DEV_102,73.2296267912364,1.6693817777680802,30.933090622900252,72.41327650379753,2.596450245811757,False
2026-10-07 22:05:40.254099,DEV_102,75.26294885015719,1.1941006983923654,32.6924515124055,73.58068085813309,2.199342332150456,False
2026-10-07 22:05:50.254099,DEV_103,75.44189395343898,1.4929343547377285,31.044501272035557,72.43792754797725,5.391147960702782,False
2026-10-07 22:06:00.254099,DEV_102,69.66769024572424,1.4476937226291493,29.804169507114192,73.06860840736026,2.807099386297763,False
2026-10-07 22:06:10.254099,DEV_102,71.33151314485436,1.5675923766122826,34.54486944089376,72.0769051664833,2.1932737138024105,False
2026-10-07 22:06:20.254099,DEV_101,73.13031980195319,1.3891419213499925,31.778074244559782,70.12028563462403,3.984706407987364,False
2026-10-07 22:06:30.254099,DEV_102,71.00523549526581,1.4605582212984998,31.147488842008826,72.09940290544759,2.178618394859531,False
2026-10-07 22:06:40.254099,DEV_102,78.42938230407997,1.747814151432452,27.447391166923328,73.13935400801631,3.618330212892271,False
2026-10-07 22:06:50.254099,DEV_103,73.963899806553,1.3689707288285349,27.423384765072925,73.66655486450469,4.736049642390029,False
2026-10-07 22:07:00.254099,DEV_103,74.93951114419927,1.0180268697783963,30.585430964283706,72.60949138939229,3.2689146999205727,False
2026-10-07 22:07:10.254099,DEV_103,74.65152507466965,2.024875171261626,30.291042395536483,74.02236309690356,1.7108722630567381,False
2026-10-07 22:07:20.254099,DEV_103,76.6938954299413,1.914436223607146,28.77175486998337,75.13814508176044,1.020750821909522,False
2026-10-07 22:07:30.254099,DEV_103,72.72408623481483,1.1123211914683144,30.28196539922412,74.59458353803561,1.4513657311393884,False
2026-10-07 22:07:40.254099,DEV_103,66.81267220817661,1.7069123415735583,33.17725385608719,73.16433801836033,3.819627622098019,False
2026-10-07 22:07:50.254099,DEV_102,73.59875180701057,1.349107568834597,31.3908049491006,72.80651459938699,3.446619178361074,False
2026-10-07 22:08:00.254099,DEV_103,69.39457242483269,1.579046164599318,27.717982980494522,72.05535027448703,3.9770857612425643,False
2026-10-07 22:08:10.254099,DEV_103,69.88553327300097,1.5882672387040482,29.776982345714114,71.10215191415328,3.764767299091418,False
2026-10-07 22:08:20.254099,DEV_101,74.34545607502038,1.4296776599051033,28.390067038294877,70.1587399863884,4.033978818118901,False
2026-10-07 22:08:30.254099,DEV_102,76.95313228573454,1.264870300324081,29.224600167182878,74.26360300738905,3.325786441298579,False
2026-10-07 22:08:40.254099,DEV_102,72.08508630694425,1.2928376843051221,29.172768668740716,74.41431763980702,3.173272418281949,False
2026-10-07 22:08:50.254099,DEV_102,73.23533205039585,1.2251424253556273,29.04470883479199,74.86033695083304,2.6950014464414203,False
2026-10-07 22:09:00.254099,DEV_103,78.80885977854095,1.2504533375308666,27.48972925605321,71.52514478387322,4.5805301818326845,False
2026-10-07 22:09:10.254099,DEV_103,72.96301271795427,1.4798465129851934,29.744690636963618,71.5729300805011,4.597380053000952,False
2026-10-07 22:09:20.254099,DEV_103,82.40673245672158,1.2852720032667744,28.87878472630538,74.69174213021009,5.714452933480387,False
2026-10-07 22:09:30.254099,DEV_101,74.26203858252617,1.704615619713786,24.141102619995465,70.90310988652794,4.444464636927976,False
2026-10-07 22:09:40.254099,DEV_103,64.95694896337673,1.9461738466007783,34.10594404900333,73.80421743791891,6.953193151929804,False
2026-10-07 22:09:50.254099,DEV_101,75.01336648441813,1.3259840275889871,32.177539308433346,72.17715091728277,4.546537218604861,False
2026-10-07 22:10:00.254099,DEV_102,73.52463353953111,1.571821350160613,29.24739855015001,73.87938719792326,1.8225557581350802,False
2026-10-07 22:10:10.254099,DEV_103,77.15901101633098,1.64990553309088,30.037638099481196,75.2589129865849,6.684037677650547,False
2026-10-07 22:10:20.254099,DEV_101,74.69272540507983,1.6416006812757824,27.656691305364877,74.28878126979954,0.7131189899002096,False
2026-10-07 22:10:30.254099,DEV_101,71.4461760640649,1.5227865803748262,33.39144575562173,73.95195252222189,1.432241087617277,False
2026-10-07 22:10:40.254099,DEV_103,67.10280705484254,1.7228047255079166,33.79457738954622,72.91770244184522,7.162734226101941,False
2026-10-07 22:10:50.254099,DEV_102,71.1639069708559,1.6446746858041972,30.31338745649305,73.39241823069233,2.2020570344439263,False
2026-10-07 22:11:00.254099,DEV_102,68.5979181831628,1.1287012733018107,32.04706128837069,71.72137541017798,1.983862792369743,False
2026-10-07 22:11:10.254099,DEV_102,69.67790620078111,1.760746819316782,30.350573557867847,71.23993938894534,2.1579749706855194,False
2026-10-07 22:11:20.254099,DEV_101,74.35431361768244,1.7661872511800225,27.32654912224814,73.9537240307543,1.432854829187107,False
2026-10-07 22:11:30.254099,DEV_101,78.67961801740563,1.2710141687464256,29.176353262072684,74.83723991773017,2.576252430548986,False
2026-10-07 22:11:40.254099,DEV_101,73.57868611929193,1.5113813506342806,30.263855933543915,74.55030384470494,2.6310445591861704,False
2026-10-07 22:11:50.254099,DEV_101,67.21646775185926,1.7049986978433207,29.09090456251311,73.05505231406083,4.191526098156,False
2026-10-07 22:12:00.254099,DEV_102,73.77841067288057,1.4372058541261916,29.562693445129927,71.3485551134423,2.29296105529368,False
2026-10-07 22:12:10.254099,DEV_103,76.7865259465826,1.8218934143298036,29.81720088498177,73.68240508757088,7.369887006984531,False
2026-10-07 22:12:20.254099,DEV_101,69.56086838272248,2.2091617483858084,29.838243004269078,72.67799077779235,4.449312465809969,False
2026-10-07 22:12:30.254099,DEV_101,71.46393133330832,1.2642041902095054,30.104516980994966,72.09991432091752,4.364016091712053,False
2026-10-07 22:12:40.254099,DEV_102,72.05875277891678,1.0856866190538677,27.878789867206798,71.05537896131943,2.0229918271623113,False
2026-10-07 22:12:50.254099,DEV_103,68.86040674767104,1.5911455786814628,28.56596770174413,70.97313994576078,5.650179861863318,False
2026-10-07 22:13:00.254099,DEV_103,74.59312173537543,1.716468751537843,27.43083146860006,72.90037450016052,4.637797941046103,False
2026-10-07 22:13:10.254099,DEV_102,71.51620740556888,1.4307400878465693,31.9556310993724,71.12583904826202,2.0338230710891336,False
2026-10-07 22:13:20.254099,DEV_102,73.67812977562811,1.9359781989963103,25.78870611631935,72.14188136675509,1.696160313025437,False
2026-10-07 22:13:30.254099,DEV_103,68.45003128879159,1.0984182600830255,32.30718068663385,71.15857855465265,4.258432314569021,False
2026-10-07 22:13:40.254099,DEV_101,70.25016679870636,1.7078755869094833,32.77269879452569,70.41402407717767,2.3503447293720625,False
2026-10-07 22:13:50.254099,DEV_103,74.88952543131109,1.318241753772332,29.39563882603476,72.71592222994634,3.803980436133749,False
2026-10-07 22:14:00.254099,DEV_102,70.50866739163293,2.015813371862189,24.7937258243454,72.30803360492546,1.4112069894848125,False
2026-10-07 22:14:10.254099,DEV_101,78.90785540493363,2.0977546059504357,29.27737887606542,71.47985793430601,4.431324776974497,False
2026-10-07 22:14:20.254099,DEV_101,70.40145525754158,1.2700030236649957,29.87163167742236,72.11685543544247,3.856947773800905,False
2026-10-07 22:14:30.254099,DEV_102,72.89873890300754,1.3351328592274259,27.978803560142172,72.13209925095086,1.2245591259055837,False
2026-10-07 22:14:40.254099,DEV_102,75.73036332749236,1.7578763660939405,28.969563212383516,72.86642136066595,2.015202227249326,False
2026-10-07 22:14:50.254099,DEV_102,66.32653706826787,1.3838608050631456,33.0603903977267,71.82848729320577,3.5987717786171567,False
2026-10-07 22:15:00.254099,DEV_103,64.9567647520769,1.4863766346203284,31.32985432460348,70.34996999104521,4.287398068719207,False
2026-10-07 22:15:10.254099,DEV_103,65.89737474171962,1.507616526162723,28.1508717712438,69.75736358985492,4.72699753710733,False
2026-10-07 22:15:20.254099,DEV_101,77.05033641370873,0.9240980531407031,26.804801660809137,73.61474904163973,4.064846952565389,False
2026-10-07 22:15:30.254099,DEV_102,69.79256741643022,1.495848676171729,29.345965364780458,71.05137482136618,3.5181282921714656,False
2026-10-07 22:15:40.254099,DEV_101,82.23279714267301,1.293081667780748,29.573086441299125,75.76852220351267,5.3043134589772984,False
2026-10-07 22:15:50.254099,DEV_101,69.74300960537045,1.3520631532800684,30.992398374726633,75.66709076484548,5.439349205033999,False
2026-10-07 22:16:00.254099,DEV_101,72.73820521278815,1.9330896010406442,28.92936657486468,74.43316072641638,5.2155770899089475,False
2026-10-07 22:16:10.254099,DEV_101,78.16843981027151,1.1230479317162232,31.022999150723724,75.98655763696237,4.859048995461818,False
2026-10-07 22:16:20.254099,DEV_102,80.0243715526365,1.7439615560243933,33.87030808012046,72.9545156535669,5.282502261472867,False
2026-10-07 22:16:30.254099,DEV_101,80.24601430654559,1.4163111209004575,31.631002044888525,76.62569321552974,5.229968999823082,False
2026-10-07 22:16:40.254099,DEV_102,76.83346492237257,1.4160719494512497,29.903822985338454,73.7414608574399,5.558013205823561,False
2026-10-07 22:16:50.254099,DEV_102,76.09625010324585,1.7371115688155134,29.63369905789341,73.81463821259061,5.593044070867958,False
2026-10-07 22:17:00.254099,DEV_103,74.37010779680473,1.6020153883706671,29.286653731640257,69.71276080214079,4.67067789771187,False
2026-10-07 22:17:10.254099,DEV_102,75.11344430466656,1.6711838991658592,32.36128182490429,75.57201965987034,3.718260973750987,False
2026-10-07 22:17:20.254099,DEV_103,69.79525713468587,1.7904553981598583,28.745373108097393,69.98180597131964,4.618206399740187,False
2026-10-07 22:17:30.254099,DEV_102,68.72720446631077,1.4006074850450032,30.090445417999966,75.35894706984645,4.138969854696931,False
2026-10-07 22:17:40.254099,DEV_102,71.98650217035619,1.316328979647675,30.10239580376217,73.75137319339038,3.361919689199862,False
2026-10-07 22:17:50.254099,DEV_102,71.31926150990029,1.1744548420326606,28.996431614376935,72.64853251089593,2.9809648583471144,False
2026-10-07 22:18:00.254099,DEV_103,70.1870878026909,1.2523768410063134,27.2550689042318,69.04131844559559,3.7697867248858943,False
2026-10-07 22:18:10.254099,DEV_103,74.78554978982686,2.3847283275926174,30.645949007235338,71.00707545314559,3.6686775410785883,False
2026-10-07 22:18:20.254099,DEV_101,75.82122083428204,1.873403874221036,29.877992056289234,75.34337795385154,4.1951222320446915,False
